{"stats":{"minecraft:broken":{"minecraft:stone_axe":3},"minecraft:dropped":{"minecraft:wheat_seeds":5,"minecraft:cherry_log":1,"minecraft:apple":1,"minecraft:spruce_stairs":5,"minecraft:oxeye_daisy":1,"minecraft:pink_petals":7,"minecraft:birch_log":41,"minecraft:birch_stairs":1,"minecraft:dandelion":4,"minecraft:stone_axe":1,"minecraft:birch_pressure_plate":1,"minecraft:azure_bluet":1,"minecraft:spruce_fence":6,"minecraft:poppy":4,"minecraft:flower_pot":2,"minecraft:spruce_planks":1,"minecraft:stone_pickaxe":1},"minecraft:mined":{"minecraft:spruce_planks":24,"minecraft:white_bed":3,"minecraft:stripped_birch_log":2,"minecraft:grass_block":17,"minecraft:spruce_fence":3,"minecraft:spruce_leaves":62,"minecraft:oxeye_daisy":2,"minecraft:large_fern":16,"minecraft:furnace":1,"minecraft:stripped_spruce_log":9,"minecraft:pumpkin":6,"minecraft:peony":6,"minecraft:azure_bluet":3,"minecraft:flowering_azalea_leaves":2,"minecraft:stripped_oak_log":3,"minecraft:azalea_leaves":4,"minecraft:stone":55,"minecraft:birch_pressure_plate":1,"minecraft:brown_mushroom":10,"minecraft:glass_pane":2,"minecraft:red_bed":1,"minecraft:spruce_door":1,"minecraft:dandelion":11,"minecraft:cornflower":2,"minecraft:clay":1,"minecraft:crafting_table":4,"minecraft:short_grass":110,"minecraft:poppy":7,"minecraft:rose_bush":2,"minecraft:dead_bush":1,"minecraft:potted_oxeye_daisy":1,"minecraft:glass":2,"minecraft:copper_ore":1,"minecraft:tall_grass":24,"minecraft:wall_torch":4,"minecraft:pink_petals":2,"minecraft:spruce_stairs":2,"minecraft:coarse_dirt":7,"minecraft:birch_log":37,"minecraft:wheat":2,"minecraft:spruce_log":104,"minecraft:birch_leaves":7,"minecraft:coal_ore":14,"minecraft:oak_log":58,"minecraft:flower_pot":5,"minecraft:dirt":10,"minecraft:oak_leaves":54,"minecraft:fern":20},"minecraft:used":{"minecraft:stone_sword":108,"minecraft:spruce_planks":38,"minecraft:chest":1,"minecraft:shield":1,"minecraft:cooked_chicken":2,"minecraft:torch":54,"minecraft:spruce_fence":1,"minecraft:glass":8,"minecraft:oak_sapling":3,"minecraft:furnace":2,"minecraft:cherry_fence":18,"minecraft:cherry_log":6,"minecraft:cooked_mutton":1,"minecraft:stone_pickaxe":123,"minecraft:golden_apple":1,"minecraft:crafting_table":5,"minecraft:red_bed":1,"minecraft:white_bed":1,"minecraft:spruce_log":308,"minecraft:flower_pot":22,"minecraft:oxeye_daisy":1,"minecraft:bread":1,"minecraft:stone_axe":558,"minecraft:cobblestone":6,"minecraft:white_banner":1,"minecraft:cooked_porkchop":1,"minecraft:birch_log":19,"minecraft:glass_pane":14,"minecraft:pumpkin_pie":1},"minecraft:custom":{"minecraft:mob_kills":20,"minecraft:interact_with_crafting_table":24,"minecraft:open_barrel":6,"minecraft:leave_game":1,"minecraft:time_since_death":55255,"minecraft:sprint_one_cm":6112,"minecraft:walk_one_cm":773535,"minecraft:damage_blocked_by_shield":50,"minecraft:drop":83,"minecraft:play_time":230243,"minecraft:deaths":1,"minecraft:walk_under_water_one_cm":775,"minecraft:boat_one_cm":94833,"minecraft:jump":1600,"minecraft:walk_on_water_one_cm":1979,"minecraft:total_world_time":230243,"minecraft:interact_with_furnace":12,"minecraft:pot_flower":15,"minecraft:sleep_in_bed":12,"minecraft:time_since_rest":9606,"minecraft:damage_absorbed":30,"minecraft:damage_taken":656,"minecraft:damage_dealt":1858,"minecraft:fly_one_cm":5910,"minecraft:open_chest":10,"minecraft:fall_one_cm":18195,"minecraft:horse_one_cm":6384},"minecraft:crafted":{"minecraft:cherry_planks":32,"minecraft:cooked_chicken":1,"minecraft:furnace":1,"minecraft:spruce_fence":3,"minecraft:pink_dye":2,"minecraft:cooked_mutton":1,"minecraft:stone_pickaxe":1,"minecraft:chest":1,"minecraft:cherry_fence":18,"minecraft:spruce_planks":58,"minecraft:stone_axe":4,"minecraft:stick":38,"minecraft:stone_sword":2,"minecraft:torch":60},"minecraft:killed":{"minecraft:chicken":4,"minecraft:pig":5,"minecraft:sheep":3,"minecraft:cow":8},"minecraft:picked_up":{"minecraft:iron_chestplate":1,"minecraft:coarse_dirt":14,"minecraft:crafting_table":7,"minecraft:azure_bluet":2,"minecraft:clay_ball":4,"minecraft:chicken":4,"minecraft:flower_pot":25,"minecraft:brown_mushroom":9,"minecraft:shield":2,"minecraft:cornflower":1,"minecraft:red_bed":1,"minecraft:raw_copper":2,"minecraft:iron_leggings":1,"minecraft:glass_pane":32,"minecraft:blue_orchid":3,"minecraft:spruce_planks":49,"minecraft:beef":13,"minecraft:rose_bush":3,"minecraft:poppy":14,"minecraft:egg":3,"minecraft:furnace":1,"minecraft:stick":24,"minecraft:cherry_stairs":4,"minecraft:torch":6,"minecraft:spruce_stairs":8,"minecraft:spruce_fence":4,"minecraft:porkchop":14,"minecraft:cherry_log":48,"minecraft:stone_sword":2,"minecraft:pumpkin_pie":1,"minecraft:peony":6,"minecraft:mutton":5,"minecraft:white_wool":3,"minecraft:cobblestone":59,"minecraft:oxeye_daisy":3,"minecraft:stripped_oak_log":2,"minecraft:birch_log":245,"minecraft:pink_petals":7,"minecraft:feather":3,"minecraft:cooked_beef":8,"minecraft:cherry_planks":16,"minecraft:leather":7,"minecraft:oak_log":84,"minecraft:dirt":33,"minecraft:stripped_birch_log":2,"minecraft:white_banner":1,"minecraft:birch_pressure_plate":1,"minecraft:glass":52,"minecraft:apple":1,"minecraft:wheat_seeds":21,"minecraft:stone_pickaxe":4,"minecraft:cooked_chicken":1,"minecraft:cooked_porkchop":7,"minecraft:pumpkin":6,"minecraft:sweet_berries":3,"minecraft:dandelion":12,"minecraft:birch_stairs":1,"minecraft:stripped_spruce_log":10,"minecraft:spruce_sapling":1,"minecraft:white_bed":1,"minecraft:spruce_log":568,"minecraft:spruce_door":1,"minecraft:mossy_cobblestone":12,"minecraft:spruce_boat":1,"minecraft:stone_axe":2,"minecraft:cherry_sapling":8,"minecraft:golden_apple":1,"minecraft:bread":31,"minecraft:oak_sapling":6,"minecraft:coal":112,"minecraft:pink_dye":2},"minecraft:killed_by":{"minecraft:creeper":1}},"DataVersion":3700}