{"stats":{"minecraft:broken":{"minecraft:stone_axe":3},"minecraft:dropped":{"minecraft:apple":1,"minecraft:poppy":4,"minecraft:spruce_planks":1,"minecraft:stone_pickaxe":1,"minecraft:birch_log":41,"minecraft:dandelion":4},"minecraft:mined":{"minecraft:spruce_planks":20,"minecraft:white_bed":2,"minecraft:brown_mushroom":10,"minecraft:stripped_birch_log":1,"minecraft:dandelion":3,"minecraft:spruce_door":1,"minecraft:clay":1,"minecraft:crafting_table":4,"minecraft:short_grass":99,"minecraft:grass_block":6,"minecraft:poppy":4,"minecraft:dead_bush":1,"minecraft:rose_bush":2,"minecraft:tall_grass":22,"minecraft:copper_ore":1,"minecraft:spruce_leaves":62,"minecraft:wall_torch":1,"minecraft:large_fern":16,"minecraft:coarse_dirt":7,"minecraft:furnace":1,"minecraft:birch_log":36,"minecraft:spruce_log":103,"minecraft:birch_leaves":7,"minecraft:stripped_spruce_log":6,"minecraft:pumpkin":6,"minecraft:azure_bluet":2,"minecraft:peony":6,"minecraft:oak_log":58,"minecraft:coal_ore":14,"minecraft:flowering_azalea_leaves":2,"minecraft:dirt":7,"minecraft:stripped_oak_log":3,"minecraft:azalea_leaves":4,"minecraft:stone":55,"minecraft:oak_leaves":46,"minecraft:fern":20},"minecraft:used":{"minecraft:stone_sword":63,"minecraft:stone_pickaxe":119,"minecraft:chest":1,"minecraft:spruce_planks":38,"minecraft:shield":1,"minecraft:cooked_chicken":2,"minecraft:torch":6,"minecraft:golden_apple":1,"minecraft:crafting_table":5,"minecraft:spruce_log":250,"minecraft:stone_axe":520,"minecraft:cobblestone":6,"minecraft:white_banner":1,"minecraft:furnace":2,"minecraft:oak_sapling":3,"minecraft:cooked_porkchop":1,"minecraft:birch_log":13},"minecraft:crafted":{"minecraft:spruce_planks":58,"minecraft:cooked_chicken":1,"minecraft:furnace":1,"minecraft:spruce_fence":3,"minecraft:stone_axe":3,"minecraft:cooked_mutton":1,"minecraft:stick":10,"minecraft:stone_pickaxe":1,"minecraft:stone_sword":1,"minecraft:chest":1,"minecraft:torch":8,"minecraft:cherry_fence":3},"minecraft:custom":{"minecraft:interact_with_furnace":8,"minecraft:mob_kills":9,"minecraft:interact_with_crafting_table":17,"minecraft:leave_game":1,"minecraft:time_since_death":140243,"minecraft:sleep_in_bed":7,"minecraft:time_since_rest":25,"minecraft:sprint_one_cm":4921,"minecraft:damage_taken":255,"minecraft:damage_absorbed":30,"minecraft:walk_one_cm":414321,"minecraft:damage_blocked_by_shield":50,"minecraft:drop":52,"minecraft:damage_dealt":978,"minecraft:fly_one_cm":4137,"minecraft:open_chest":2,"minecraft:play_time":140243,"minecraft:walk_under_water_one_cm":696,"minecraft:boat_one_cm":94833,"minecraft:jump":1074,"minecraft:walk_on_water_one_cm":966,"minecraft:total_world_time":140243,"minecraft:fall_one_cm":11795},"minecraft:killed":{"minecraft:pig":3,"minecraft:sheep":1,"minecraft:chicken":1,"minecraft:cow":4},"minecraft:picked_up":{"minecraft:stripped_oak_log":2,"minecraft:birch_log":151,"minecraft:crafting_table":6,"minecraft:coarse_dirt":7,"minecraft:azure_bluet":1,"minecraft:cherry_planks":4,"minecraft:chicken":1,"minecraft:clay_ball":4,"minecraft:leather":3,"minecraft:brown_mushroom":9,"minecraft:oak_log":46,"minecraft:shield":1,"minecraft:stripped_birch_log":1,"minecraft:dirt":8,"minecraft:white_banner":1,"minecraft:raw_copper":2,"minecraft:glass_pane":32,"minecraft:apple":1,"minecraft:wheat_seeds":17,"minecraft:spruce_planks":21,"minecraft:beef":5,"minecraft:stone_pickaxe":2,"minecraft:cooked_chicken":1,"minecraft:rose_bush":3,"minecraft:poppy":12,"minecraft:furnace":1,"minecraft:stick":20,"minecraft:cooked_porkchop":4,"minecraft:pumpkin":6,"minecraft:sweet_berries":3,"minecraft:torch":1,"minecraft:dandelion":4,"minecraft:spruce_stairs":1,"minecraft:porkchop":8,"minecraft:cherry_log":47,"minecraft:stripped_spruce_log":7,"minecraft:spruce_sapling":1,"minecraft:spruce_log":503,"minecraft:spruce_door":1,"minecraft:mossy_cobblestone":6,"minecraft:spruce_boat":1,"minecraft:peony":6,"minecraft:golden_apple":1,"minecraft:oak_sapling":5,"minecraft:mutton":1,"minecraft:coal":58,"minecraft:white_wool":1,"minecraft:cobblestone":59}},"DataVersion":3700}