{"stats":{"minecraft:broken":{"minecraft:stone_axe":3},"minecraft:dropped":{"minecraft:wheat_seeds":5,"minecraft:cherry_log":1,"minecraft:apple":1,"minecraft:oxeye_daisy":1,"minecraft:poppy":4,"minecraft:flower_pot":2,"minecraft:spruce_planks":1,"minecraft:stone_pickaxe":1,"minecraft:birch_log":41,"minecraft:dandelion":4},"minecraft:mined":{"minecraft:spruce_planks":20,"minecraft:white_bed":3,"minecraft:brown_mushroom":10,"minecraft:glass_pane":2,"minecraft:red_bed":1,"minecraft:stripped_birch_log":1,"minecraft:dandelion":3,"minecraft:spruce_door":1,"minecraft:clay":1,"minecraft:crafting_table":4,"minecraft:short_grass":106,"minecraft:spruce_fence":1,"minecraft:grass_block":6,"minecraft:poppy":4,"minecraft:dead_bush":1,"minecraft:rose_bush":2,"minecraft:potted_oxeye_daisy":1,"minecraft:tall_grass":22,"minecraft:copper_ore":1,"minecraft:spruce_leaves":62,"minecraft:wall_torch":1,"minecraft:large_fern":16,"minecraft:coarse_dirt":7,"minecraft:furnace":1,"minecraft:birch_log":37,"minecraft:spruce_log":104,"minecraft:birch_leaves":7,"minecraft:stripped_spruce_log":7,"minecraft:pumpkin":6,"minecraft:azure_bluet":2,"minecraft:peony":6,"minecraft:oak_log":58,"minecraft:coal_ore":14,"minecraft:flowering_azalea_leaves":2,"minecraft:dirt":7,"minecraft:stripped_oak_log":3,"minecraft:azalea_leaves":4,"minecraft:stone":55,"minecraft:oak_leaves":52,"minecraft:fern":20},"minecraft:used":{"minecraft:stone_sword":79,"minecraft:stone_pickaxe":122,"minecraft:chest":1,"minecraft:spruce_planks":38,"minecraft:shield":1,"minecraft:cooked_chicken":2,"minecraft:torch":6,"minecraft:golden_apple":1,"minecraft:crafting_table":5,"minecraft:spruce_fence":1,"minecraft:spruce_log":308,"minecraft:stone_axe":531,"minecraft:cobblestone":6,"minecraft:white_banner":1,"minecraft:furnace":2,"minecraft:oak_sapling":3,"minecraft:cooked_porkchop":1,"minecraft:glass_pane":14,"minecraft:birch_log":18,"minecraft:cherry_log":2,"minecraft:cherry_fence":18},"minecraft:custom":{"minecraft:interact_with_furnace":10,"minecraft:mob_kills":11,"minecraft:interact_with_crafting_table":20,"minecraft:leave_game":1,"minecraft:time_since_death":164243,"minecraft:sleep_in_bed":8,"minecraft:time_since_rest":9114,"minecraft:sprint_one_cm":5259,"minecraft:damage_taken":255,"minecraft:damage_absorbed":30,"minecraft:walk_one_cm":479631,"minecraft:damage_blocked_by_shield":50,"minecraft:drop":61,"minecraft:damage_dealt":1179,"minecraft:fly_one_cm":4437,"minecraft:open_chest":3,"minecraft:play_time":164243,"minecraft:walk_under_water_one_cm":696,"minecraft:boat_one_cm":94833,"minecraft:jump":1152,"minecraft:walk_on_water_one_cm":966,"minecraft:total_world_time":164243,"minecraft:fall_one_cm":12422},"minecraft:crafted":{"minecraft:cherry_planks":32,"minecraft:spruce_planks":58,"minecraft:cooked_chicken":1,"minecraft:furnace":1,"minecraft:spruce_fence":3,"minecraft:stone_axe":4,"minecraft:pink_dye":2,"minecraft:cooked_mutton":1,"minecraft:stick":10,"minecraft:stone_pickaxe":1,"minecraft:stone_sword":2,"minecraft:chest":1,"minecraft:torch":8,"minecraft:cherry_fence":18},"minecraft:killed":{"minecraft:pig":3,"minecraft:sheep":1,"minecraft:chicken":1,"minecraft:cow":6},"minecraft:picked_up":{"minecraft:stripped_oak_log":2,"minecraft:birch_log":152,"minecraft:crafting_table":6,"minecraft:coarse_dirt":7,"minecraft:flower_pot":5,"minecraft:cooked_beef":8,"minecraft:azure_bluet":1,"minecraft:cherry_planks":4,"minecraft:chicken":1,"minecraft:clay_ball":4,"minecraft:leather":5,"minecraft:brown_mushroom":9,"minecraft:oak_log":46,"minecraft:shield":1,"minecraft:stripped_birch_log":1,"minecraft:dirt":8,"minecraft:red_bed":1,"minecraft:white_banner":1,"minecraft:raw_copper":2,"minecraft:glass_pane":32,"minecraft:apple":1,"minecraft:wheat_seeds":18,"minecraft:spruce_planks":21,"minecraft:beef":8,"minecraft:stone_pickaxe":2,"minecraft:cooked_chicken":1,"minecraft:rose_bush":3,"minecraft:poppy":12,"minecraft:furnace":1,"minecraft:stick":20,"minecraft:cooked_porkchop":7,"minecraft:pumpkin":6,"minecraft:sweet_berries":3,"minecraft:torch":1,"minecraft:dandelion":4,"minecraft:spruce_stairs":1,"minecraft:spruce_fence":1,"minecraft:porkchop":8,"minecraft:cherry_log":47,"minecraft:stripped_spruce_log":8,"minecraft:spruce_sapling":1,"minecraft:white_bed":1,"minecraft:spruce_log":504,"minecraft:spruce_door":1,"minecraft:mossy_cobblestone":6,"minecraft:spruce_boat":1,"minecraft:peony":6,"minecraft:cherry_sapling":8,"minecraft:golden_apple":1,"minecraft:bread":4,"minecraft:oak_sapling":5,"minecraft:mutton":1,"minecraft:coal":58,"minecraft:white_wool":1,"minecraft:cobblestone":59,"minecraft:oxeye_daisy":1}},"DataVersion":3700}