{"stats":{"minecraft:killed":{"minecraft:spider":2,"minecraft:skeleton":15,"minecraft:pig":5,"minecraft:zombie_villager":1,"minecraft:salmon":12,"minecraft:creeper":1,"minecraft:zombie":23,"minecraft:cow":3},"minecraft:mined":{"minecraft:dark_oak_planks":39,"minecraft:diamond_ore":1,"minecraft:tuff":13,"minecraft:deepslate_diamond_ore":18,"minecraft:cobblestone_stairs":1,"minecraft:dark_oak_log":3,"minecraft:ladder":3,"minecraft:granite":5,"minecraft:grass_block":639,"minecraft:jungle_planks":14,"minecraft:spruce_leaves":39,"minecraft:hopper":1,"minecraft:kelp":26,"minecraft:sandstone":14,"minecraft:large_fern":4,"minecraft:magma_block":1,"minecraft:redstone_ore":8,"minecraft:furnace":1,"minecraft:iron_ore":106,"minecraft:cobbled_deepslate":33,"minecraft:andesite":1,"minecraft:dark_oak_stairs":14,"minecraft:bookshelf":4,"minecraft:potatoes":38,"minecraft:deepslate_iron_ore":29,"minecraft:cobblestone_slab":2,"minecraft:water_cauldron":2,"minecraft:rail":175,"minecraft:stone":231,"minecraft:deepslate_redstone_ore":17,"minecraft:kelp_plant":5,"minecraft:crafting_table":11,"minecraft:torch":3,"minecraft:jungle_stairs":2,"minecraft:short_grass":68,"minecraft:calcite":4,"minecraft:glass":14,"minecraft:cobblestone":35,"minecraft:lapis_ore":2,"minecraft:deepslate_gold_ore":43,"minecraft:grindstone":7,"minecraft:sugar_cane":19,"minecraft:oak_planks":24,"minecraft:diorite":7,"minecraft:blue_bed":7,"minecraft:amethyst_block":2,"minecraft:purple_bed":8,"minecraft:birch_log":102,"minecraft:spruce_log":57,"minecraft:birch_leaves":5,"minecraft:jungle_fence":1,"minecraft:oak_log":542,"minecraft:coal_ore":98,"minecraft:sand":197,"minecraft:dirt":1050,"minecraft:gold_ore":1,"minecraft:oak_leaves":226,"minecraft:deepslate":51,"minecraft:fern":2},"minecraft:used":{"minecraft:stone_shovel":393,"minecraft:ladder":24,"minecraft:oak_sign":9,"minecraft:chest":10,"minecraft:shield":88,"minecraft:iron_sword":202,"minecraft:cooked_salmon":12,"minecraft:stone_hoe":90,"minecraft:torch":434,"minecraft:dirt":504,"minecraft:hopper":10,"minecraft:tuff":12,"minecraft:furnace_minecart":4,"minecraft:granite":7,"minecraft:glass":86,"minecraft:lava_bucket":3,"minecraft:iron_axe":986,"minecraft:furnace":3,"minecraft:minecart":6,"minecraft:cooked_beef":5,"minecraft:potato":92,"minecraft:cobbled_deepslate":41,"minecraft:oak_chest_boat":6,"minecraft:water_bucket":100,"minecraft:baked_potato":37,"minecraft:oak_planks":88,"minecraft:wooden_pickaxe":1,"minecraft:cobblestone_slab":115,"minecraft:blue_bed":7,"minecraft:rail":199,"minecraft:crafting_table":12,"minecraft:white_bed":1,"minecraft:black_bed":1,"minecraft:oak_log":10,"minecraft:diamond_shovel":1390,"minecraft:bread":25,"minecraft:iron_pickaxe":929,"minecraft:cobblestone":112,"minecraft:purple_bed":8,"minecraft:cooked_porkchop":9,"minecraft:bucket":104,"minecraft:oak_boat":5,"minecraft:kelp":40,"minecraft:bone_meal":18},"minecraft:broken":{"minecraft:shield":3,"minecraft:iron_axe":3,"minecraft:iron_pickaxe":3,"minecraft:stone_shovel":3},"minecraft:picked_up":{"minecraft:charcoal":8,"minecraft:crafting_table":11,"minecraft:ladder":19,"minecraft:amethyst_block":2,"minecraft:cobbled_deepslate":100,"minecraft:beef":5,"minecraft:oak_boat":5,"minecraft:cobblestone_slab":1,"minecraft:calcite":4,"minecraft:poppy":4,"minecraft:minecart":5,"minecraft:sugar_cane":33,"minecraft:birch_sapling":20,"minecraft:furnace":1,"minecraft:stick":103,"minecraft:raw_iron":136,"minecraft:sandstone":13,"minecraft:torch":14,"minecraft:porkchop":9,"minecraft:diorite":7,"minecraft:redstone":114,"minecraft:dark_oak_planks":29,"minecraft:arrow":13,"minecraft:rotten_flesh":20,"minecraft:jungle_stairs":1,"minecraft:oak_chest_boat":4,"minecraft:rail":198,"minecraft:white_wool":3,"minecraft:cobblestone":258,"minecraft:birch_log":102,"minecraft:furnace_minecart":4,"minecraft:magma_block":1,"minecraft:andesite":3,"minecraft:salmon":12,"minecraft:leather":4,"minecraft:potato":162,"minecraft:tuff":13,"minecraft:oak_log":542,"minecraft:gunpowder":5,"minecraft:cobblestone_stairs":1,"minecraft:dirt":1643,"minecraft:lapis_lazuli":13,"minecraft:blue_bed":7,"minecraft:bone":12,"minecraft:apple":26,"minecraft:kelp":40,"minecraft:bow":1,"minecraft:wheat_seeds":12,"minecraft:raw_gold":44,"minecraft:grindstone":7,"minecraft:iron_ingot":30,"minecraft:dark_oak_stairs":10,"minecraft:oak_planks":21,"minecraft:book":12,"minecraft:poisonous_potato":1,"minecraft:gravel":2,"minecraft:jungle_planks":14,"minecraft:sand":195,"minecraft:spruce_sapling":9,"minecraft:spruce_log":60,"minecraft:dark_oak_log":1,"minecraft:purple_bed":8,"minecraft:diamond":19,"minecraft:granite":7,"minecraft:oak_sapling":146,"minecraft:black_wool":3,"minecraft:coal":99,"minecraft:hopper":1},"minecraft:dropped":{"minecraft:dark_oak_stairs":10,"minecraft:wheat_seeds":2,"minecraft:poisonous_potato":1,"minecraft:jungle_planks":14,"minecraft:dirt":8,"minecraft:sand":19,"minecraft:birch_sapling":2,"minecraft:rotten_flesh":1,"minecraft:potato":49,"minecraft:oak_boat":11,"minecraft:oak_sapling":2,"minecraft:sandstone":13,"minecraft:wooden_pickaxe":1},"minecraft:custom":{"minecraft:mob_kills":64,"minecraft:inspect_hopper":2,"minecraft:interact_with_crafting_table":48,"minecraft:leave_game":13,"minecraft:time_since_death":343237,"minecraft:climb_one_cm":29382,"minecraft:sprint_one_cm":841110,"minecraft:walk_one_cm":534320,"minecraft:damage_blocked_by_shield":8387,"minecraft:drop":38,"minecraft:talked_to_villager":8,"minecraft:play_time":343237,"minecraft:sneak_time":67619,"minecraft:walk_under_water_one_cm":39495,"minecraft:boat_one_cm":34291,"minecraft:jump":6926,"minecraft:walk_on_water_one_cm":120113,"minecraft:total_world_time":343237,"minecraft:interact_with_furnace":93,"minecraft:sleep_in_bed":17,"minecraft:time_since_rest":2968,"minecraft:damage_taken":3656,"minecraft:damage_dealt":9348,"minecraft:swim_one_cm":102469,"minecraft:fly_one_cm":1848661,"minecraft:open_chest":229,"minecraft:crouch_one_cm":183102,"minecraft:fall_one_cm":138257},"minecraft:crafted":{"minecraft:oak_planks":564,"minecraft:cobblestone_slab":126,"minecraft:stone_shovel":3,"minecraft:oak_sign":60,"minecraft:furnace":3,"minecraft:bone_meal":18,"minecraft:glass":147,"minecraft:hopper":9,"minecraft:iron_axe":4,"minecraft:ladder":30,"minecraft:chest":21,"minecraft:stone_hoe":1,"minecraft:cooked_beef":5,"minecraft:furnace_minecart":1,"minecraft:cooked_porkchop":9,"minecraft:crafting_table":3,"minecraft:spruce_planks":4,"minecraft:wooden_pickaxe":2,"minecraft:baked_potato":62,"minecraft:cooked_salmon":10,"minecraft:bucket":1,"minecraft:air":0,"minecraft:oak_boat":15,"minecraft:oak_chest_boat":2,"minecraft:charcoal":43,"minecraft:shield":3,"minecraft:stick":192,"minecraft:iron_pickaxe":2,"minecraft:black_bed":1,"minecraft:white_bed":1,"minecraft:torch":420,"minecraft:shears":1}},"DataVersion":3700}