{"stats":{"minecraft:crafted":{"minecraft:oak_planks":508,"minecraft:cobblestone_slab":126,"minecraft:stone_shovel":3,"minecraft:oak_sign":60,"minecraft:furnace":3,"minecraft:bone_meal":6,"minecraft:hopper":9,"minecraft:glass":147,"minecraft:iron_axe":3,"minecraft:ladder":27,"minecraft:chest":19,"minecraft:stone_hoe":1,"minecraft:cooked_beef":5,"minecraft:furnace_minecart":1,"minecraft:cooked_porkchop":9,"minecraft:crafting_table":2,"minecraft:spruce_planks":4,"minecraft:baked_potato":12,"minecraft:wooden_pickaxe":2,"minecraft:cooked_salmon":10,"minecraft:bucket":1,"minecraft:air":0,"minecraft:charcoal":43,"minecraft:shield":1,"minecraft:stick":104,"minecraft:iron_pickaxe":1,"minecraft:torch":112},"minecraft:killed":{"minecraft:spider":1,"minecraft:skeleton":5,"minecraft:pig":5,"minecraft:salmon":12,"minecraft:creeper":1,"minecraft:zombie":9,"minecraft:cow":3},"minecraft:used":{"minecraft:stone_shovel":393,"minecraft:ladder":21,"minecraft:oak_sign":9,"minecraft:chest":10,"minecraft:shield":29,"minecraft:iron_sword":101,"minecraft:cooked_salmon":4,"minecraft:stone_hoe":16,"minecraft:torch":93,"minecraft:dirt":434,"minecraft:hopper":10,"minecraft:furnace_minecart":4,"minecraft:glass":86,"minecraft:lava_bucket":3,"minecraft:iron_axe":539,"minecraft:furnace":3,"minecraft:minecart":6,"minecraft:potato":13,"minecraft:water_bucket":92,"minecraft:baked_potato":12,"minecraft:oak_planks":88,"minecraft:wooden_pickaxe":1,"minecraft:blue_bed":4,"minecraft:cobblestone_slab":115,"minecraft:rail":199,"minecraft:crafting_table":8,"minecraft:oak_log":2,"minecraft:diamond_shovel":1266,"minecraft:bread":25,"minecraft:iron_pickaxe":524,"minecraft:cobblestone":58,"minecraft:purple_bed":6,"minecraft:cooked_porkchop":9,"minecraft:bucket":96,"minecraft:bone_meal":6},"minecraft:dropped":{"minecraft:dark_oak_stairs":10,"minecraft:jungle_planks":14,"minecraft:dirt":8,"minecraft:sand":19,"minecraft:sandstone":13,"minecraft:wooden_pickaxe":1},"minecraft:picked_up":{"minecraft:charcoal":8,"minecraft:crafting_table":7,"minecraft:ladder":19,"minecraft:beef":5,"minecraft:cobblestone_slab":1,"minecraft:poppy":4,"minecraft:minecart":5,"minecraft:sugar_cane":11,"minecraft:birch_sapling":15,"minecraft:furnace":1,"minecraft:stick":43,"minecraft:raw_iron":37,"minecraft:sandstone":13,"minecraft:torch":3,"minecraft:porkchop":9,"minecraft:diorite":4,"minecraft:dark_oak_planks":29,"minecraft:arrow":5,"minecraft:rotten_flesh":11,"minecraft:jungle_stairs":1,"minecraft:rail":198,"minecraft:cobblestone":209,"minecraft:birch_log":60,"minecraft:furnace_minecart":4,"minecraft:magma_block":1,"minecraft:andesite":1,"minecraft:salmon":12,"minecraft:leather":4,"minecraft:oak_log":226,"minecraft:gunpowder":2,"minecraft:blue_bed":4,"minecraft:dirt":1509,"minecraft:bone":3,"minecraft:apple":8,"minecraft:wheat_seeds":9,"minecraft:grindstone":7,"minecraft:iron_ingot":30,"minecraft:oak_planks":21,"minecraft:dark_oak_stairs":10,"minecraft:book":12,"minecraft:gravel":2,"minecraft:jungle_planks":14,"minecraft:sand":175,"minecraft:spruce_sapling":9,"minecraft:spruce_log":60,"minecraft:dark_oak_log":1,"minecraft:purple_bed":6,"minecraft:granite":4,"minecraft:oak_sapling":57,"minecraft:coal":36,"minecraft:hopper":1},"minecraft:broken":{"minecraft:iron_axe":2,"minecraft:iron_pickaxe":2,"minecraft:stone_shovel":3},"minecraft:custom":{"minecraft:mob_kills":37,"minecraft:inspect_hopper":2,"minecraft:interact_with_crafting_table":36,"minecraft:leave_game":10,"minecraft:time_since_death":223527,"minecraft:climb_one_cm":27442,"minecraft:sprint_one_cm":500058,"minecraft:walk_one_cm":359008,"minecraft:damage_blocked_by_shield":1673,"minecraft:drop":13,"minecraft:talked_to_villager":8,"minecraft:play_time":223527,"minecraft:sneak_time":45636,"minecraft:walk_under_water_one_cm":26902,"minecraft:jump":4198,"minecraft:walk_on_water_one_cm":106014,"minecraft:total_world_time":223527,"minecraft:interact_with_furnace":69,"minecraft:sleep_in_bed":12,"minecraft:time_since_rest":15115,"minecraft:damage_taken":1813,"minecraft:damage_dealt":4256,"minecraft:swim_one_cm":86844,"minecraft:fly_one_cm":1218127,"minecraft:open_chest":142,"minecraft:crouch_one_cm":130577,"minecraft:fall_one_cm":72263},"minecraft:mined":{"minecraft:dark_oak_planks":39,"minecraft:dark_oak_log":3,"minecraft:ladder":3,"minecraft:granite":4,"minecraft:grass_block":549,"minecraft:jungle_planks":14,"minecraft:spruce_leaves":32,"minecraft:hopper":1,"minecraft:sandstone":14,"minecraft:large_fern":3,"minecraft:magma_block":1,"minecraft:furnace":1,"minecraft:iron_ore":36,"minecraft:andesite":1,"minecraft:dark_oak_stairs":14,"minecraft:bookshelf":4,"minecraft:water_cauldron":2,"minecraft:cobblestone_slab":2,"minecraft:rail":175,"minecraft:stone":186,"minecraft:crafting_table":7,"minecraft:torch":1,"minecraft:jungle_stairs":2,"minecraft:short_grass":50,"minecraft:glass":14,"minecraft:cobblestone":33,"minecraft:grindstone":7,"minecraft:sugar_cane":7,"minecraft:oak_planks":24,"minecraft:diorite":6,"minecraft:blue_bed":4,"minecraft:purple_bed":6,"minecraft:birch_log":60,"minecraft:spruce_log":57,"minecraft:birch_leaves":4,"minecraft:jungle_fence":1,"minecraft:oak_log":226,"minecraft:coal_ore":35,"minecraft:dirt":1024,"minecraft:sand":174,"minecraft:oak_leaves":57,"minecraft:fern":2}},"DataVersion":3700}