{"stats":{"minecraft:dropped":{"minecraft:brown_mushroom":2,"minecraft:cherry_log":46,"minecraft:crafting_table":1,"minecraft:cooked_porkchop":3,"minecraft:golden_apple":1,"minecraft:stick":11,"minecraft:cherry_planks":3,"minecraft:white_banner":1,"minecraft:birch_log":41,"minecraft:spruce_sapling":2,"minecraft:dandelion":3,"minecraft:sweet_berries":3,"minecraft:cooked_chicken":1,"minecraft:glass_pane":32,"minecraft:poppy":11,"minecraft:spruce_boat":1,"minecraft:shield":1,"minecraft:spruce_log":178,"minecraft:stone_pickaxe":4},"minecraft:broken":{"minecraft:stone_axe":4},"minecraft:crafted":{"minecraft:cherry_planks":4,"minecraft:stone_shovel":1,"minecraft:cooked_chicken":2,"minecraft:furnace":1,"minecraft:spruce_fence":18,"minecraft:glass_pane":32,"minecraft:glass":64,"minecraft:spruce_stairs":36,"minecraft:spruce_slab":42,"minecraft:stone_pickaxe":2,"minecraft:chest":2,"minecraft:spruce_boat":1,"minecraft:stone_hoe":1,"minecraft:cooked_beef":3,"minecraft:red_dye":1,"minecraft:cooked_porkchop":10,"minecraft:crafting_table":3,"minecraft:spruce_planks":268,"minecraft:wooden_pickaxe":1,"minecraft:spruce_door":3,"minecraft:red_bed":1,"minecraft:stone_axe":5,"minecraft:air":0,"minecraft:shield":2,"minecraft:stick":40,"minecraft:iron_ingot":7,"minecraft:iron_pickaxe":1,"minecraft:stone_sword":1,"minecraft:white_bed":2,"minecraft:shears":1},"minecraft:killed":{"minecraft:skeleton":1,"minecraft:chicken":2,"minecraft:pig":5,"minecraft:pillager":4,"minecraft:zombie":2,"minecraft:cow":7},"minecraft:mined":{"minecraft:spruce_planks":45,"minecraft:white_bed":1,"minecraft:mossy_cobblestone":22,"minecraft:cherry_log":50,"minecraft:grass_block":7,"minecraft:spruce_fence":6,"minecraft:spruce_leaves":133,"minecraft:large_fern":17,"minecraft:furnace":2,"minecraft:iron_ore":7,"minecraft:fire":1,"minecraft:stripped_spruce_log":19,"minecraft:pumpkin":4,"minecraft:stone":47,"minecraft:spruce_slab":12,"minecraft:brown_mushroom":1,"minecraft:cherry_planks":1,"minecraft:spruce_door":8,"minecraft:dandelion":3,"minecraft:powder_snow":6,"minecraft:crafting_table":7,"minecraft:short_grass":180,"minecraft:poppy":12,"minecraft:rose_bush":2,"minecraft:tall_grass":20,"minecraft:cobblestone":7,"minecraft:sugar_cane":5,"minecraft:wall_torch":2,"minecraft:pink_petals":3,"minecraft:spruce_stairs":11,"minecraft:birch_log":54,"minecraft:sweet_berry_bush":11,"minecraft:spruce_log":310,"minecraft:birch_leaves":10,"minecraft:oak_log":7,"minecraft:coal_ore":56,"minecraft:cherry_leaves":15,"minecraft:sand":69,"minecraft:dirt":12,"minecraft:oak_leaves":57,"minecraft:fern":22},"minecraft:used":{"minecraft:cherry_sapling":5,"minecraft:stone_sword":122,"minecraft:stone_shovel":82,"minecraft:spruce_slab":56,"minecraft:chest":2,"minecraft:spruce_planks":131,"minecraft:shield":37,"minecraft:stone_hoe":42,"minecraft:cooked_chicken":1,"minecraft:torch":2,"minecraft:dirt":22,"minecraft:spruce_stairs":25,"minecraft:spruce_fence":22,"minecraft:spruce_boat":2,"minecraft:birch_sapling":4,"minecraft:sweet_berries":18,"minecraft:furnace":3,"minecraft:egg":2,"minecraft:cooked_beef":3,"minecraft:cherry_log":1,"minecraft:wheat_seeds":13,"minecraft:spruce_door":12,"minecraft:stone_pickaxe":140,"minecraft:wooden_pickaxe":17,"minecraft:cherry_planks":1,"minecraft:oak_leaves":4,"minecraft:golden_apple":1,"minecraft:mossy_cobblestone":4,"minecraft:sand":1,"minecraft:crafting_table":8,"minecraft:red_bed":1,"minecraft:white_bed":4,"minecraft:shears":42,"minecraft:spruce_log":87,"minecraft:apple":1,"minecraft:spruce_sapling":18,"minecraft:stone_axe":616,"minecraft:pink_petals":4,"minecraft:cobblestone":3,"minecraft:cooked_porkchop":6,"minecraft:birch_log":67},"minecraft:custom":{"minecraft:mob_kills":21,"minecraft:interact_with_crafting_table":41,"minecraft:leave_game":6,"minecraft:time_since_death":139300,"minecraft:sprint_one_cm":236230,"minecraft:walk_one_cm":492667,"minecraft:damage_blocked_by_shield":2014,"minecraft:drop":37,"minecraft:play_time":139300,"minecraft:sneak_time":31167,"minecraft:walk_under_water_one_cm":1670,"minecraft:boat_one_cm":93730,"minecraft:jump":2386,"minecraft:walk_on_water_one_cm":10286,"minecraft:total_world_time":139300,"minecraft:interact_with_furnace":29,"minecraft:sleep_in_bed":7,"minecraft:time_since_rest":5802,"minecraft:damage_taken":699,"minecraft:damage_dealt":2409,"minecraft:swim_one_cm":14764,"minecraft:fly_one_cm":359423,"minecraft:open_chest":31,"minecraft:crouch_one_cm":86047,"minecraft:fall_one_cm":49614},"minecraft:picked_up":{"minecraft:crafting_table":6,"minecraft:chicken":2,"minecraft:brown_mushroom":3,"minecraft:spruce_planks":44,"minecraft:beef":14,"minecraft:rose_bush":1,"minecraft:poppy":19,"minecraft:spruce_slab":14,"minecraft:sugar_cane":15,"minecraft:birch_sapling":5,"minecraft:egg":3,"minecraft:furnace":2,"minecraft:stick":11,"minecraft:raw_iron":7,"minecraft:torch":2,"minecraft:spruce_stairs":10,"minecraft:spruce_fence":6,"minecraft:porkchop":11,"minecraft:cherry_log":48,"minecraft:white_wool":8,"minecraft:cobblestone":45,"minecraft:birch_log":95,"minecraft:pink_petals":4,"minecraft:feather":3,"minecraft:leather":7,"minecraft:oak_log":7,"minecraft:dirt":22,"minecraft:white_banner":1,"minecraft:bone":1,"minecraft:apple":1,"minecraft:wheat_seeds":25,"minecraft:stone_pickaxe":3,"minecraft:sweet_berries":23,"minecraft:pumpkin":4,"minecraft:dandelion":9,"minecraft:sand":69,"minecraft:stripped_spruce_log":18,"minecraft:spruce_sapling":19,"minecraft:white_bed":3,"minecraft:spruce_log":323,"minecraft:spruce_door":9,"minecraft:mossy_cobblestone":16,"minecraft:spruce_boat":2,"minecraft:cherry_sapling":5,"minecraft:oak_leaves":40,"minecraft:coal":88}},"DataVersion":3700}