{"stats":{"minecraft:crafted":{"minecraft:oak_planks":564,"minecraft:cobblestone_slab":126,"minecraft:stone_shovel":3,"minecraft:oak_sign":60,"minecraft:furnace":3,"minecraft:bone_meal":15,"minecraft:hopper":9,"minecraft:glass":147,"minecraft:iron_axe":3,"minecraft:ladder":27,"minecraft:chest":19,"minecraft:stone_hoe":1,"minecraft:cooked_beef":5,"minecraft:furnace_minecart":1,"minecraft:cooked_porkchop":9,"minecraft:crafting_table":2,"minecraft:spruce_planks":4,"minecraft:wooden_pickaxe":2,"minecraft:baked_potato":33,"minecraft:cooked_salmon":10,"minecraft:bucket":1,"minecraft:air":0,"minecraft:charcoal":43,"minecraft:shield":3,"minecraft:stick":192,"minecraft:iron_pickaxe":2,"minecraft:torch":420},"minecraft:killed":{"minecraft:spider":2,"minecraft:skeleton":14,"minecraft:pig":5,"minecraft:zombie_villager":1,"minecraft:salmon":12,"minecraft:creeper":1,"minecraft:zombie":23,"minecraft:cow":3},"minecraft:used":{"minecraft:stone_shovel":393,"minecraft:ladder":21,"minecraft:oak_sign":9,"minecraft:chest":10,"minecraft:shield":88,"minecraft:iron_sword":196,"minecraft:cooked_salmon":12,"minecraft:stone_hoe":44,"minecraft:torch":434,"minecraft:dirt":460,"minecraft:hopper":10,"minecraft:furnace_minecart":4,"minecraft:tuff":12,"minecraft:granite":7,"minecraft:glass":86,"minecraft:lava_bucket":3,"minecraft:iron_axe":542,"minecraft:furnace":3,"minecraft:minecart":6,"minecraft:cooked_beef":5,"minecraft:potato":55,"minecraft:water_bucket":98,"minecraft:baked_potato":18,"minecraft:oak_planks":88,"minecraft:wooden_pickaxe":1,"minecraft:blue_bed":4,"minecraft:cobblestone_slab":115,"minecraft:rail":199,"minecraft:crafting_table":11,"minecraft:oak_log":2,"minecraft:diamond_shovel":1324,"minecraft:bread":25,"minecraft:iron_pickaxe":883,"minecraft:cobblestone":112,"minecraft:purple_bed":6,"minecraft:cooked_porkchop":9,"minecraft:bucket":102,"minecraft:bone_meal":15},"minecraft:dropped":{"minecraft:dark_oak_stairs":10,"minecraft:wheat_seeds":1,"minecraft:jungle_planks":14,"minecraft:dirt":8,"minecraft:sand":19,"minecraft:sandstone":13,"minecraft:wooden_pickaxe":1},"minecraft:picked_up":{"minecraft:charcoal":8,"minecraft:crafting_table":10,"minecraft:ladder":19,"minecraft:amethyst_block":2,"minecraft:cobbled_deepslate":67,"minecraft:beef":5,"minecraft:cobblestone_slab":1,"minecraft:calcite":4,"minecraft:poppy":4,"minecraft:minecart":5,"minecraft:sugar_cane":29,"minecraft:birch_sapling":15,"minecraft:furnace":1,"minecraft:stick":43,"minecraft:raw_iron":130,"minecraft:sandstone":13,"minecraft:torch":14,"minecraft:porkchop":9,"minecraft:diorite":7,"minecraft:redstone":114,"minecraft:dark_oak_planks":29,"minecraft:arrow":11,"minecraft:rotten_flesh":20,"minecraft:jungle_stairs":1,"minecraft:rail":198,"minecraft:cobblestone":252,"minecraft:birch_log":60,"minecraft:furnace_minecart":4,"minecraft:magma_block":1,"minecraft:salmon":12,"minecraft:andesite":3,"minecraft:leather":4,"minecraft:potato":55,"minecraft:tuff":13,"minecraft:oak_log":226,"minecraft:gunpowder":5,"minecraft:lapis_lazuli":13,"minecraft:blue_bed":4,"minecraft:dirt":1543,"minecraft:bone":11,"minecraft:apple":8,"minecraft:bow":1,"minecraft:wheat_seeds":10,"minecraft:raw_gold":44,"minecraft:grindstone":7,"minecraft:iron_ingot":30,"minecraft:oak_planks":21,"minecraft:dark_oak_stairs":10,"minecraft:book":12,"minecraft:gravel":2,"minecraft:jungle_planks":14,"minecraft:sand":195,"minecraft:spruce_sapling":9,"minecraft:spruce_log":60,"minecraft:dark_oak_log":1,"minecraft:purple_bed":6,"minecraft:diamond":19,"minecraft:granite":7,"minecraft:oak_sapling":57,"minecraft:coal":99,"minecraft:hopper":1},"minecraft:broken":{"minecraft:shield":3,"minecraft:iron_axe":2,"minecraft:iron_pickaxe":3,"minecraft:stone_shovel":3},"minecraft:custom":{"minecraft:mob_kills":63,"minecraft:inspect_hopper":2,"minecraft:interact_with_crafting_table":39,"minecraft:leave_game":10,"minecraft:time_since_death":273378,"minecraft:climb_one_cm":27442,"minecraft:sprint_one_cm":652192,"minecraft:walk_one_cm":446505,"minecraft:damage_blocked_by_shield":8387,"minecraft:drop":14,"minecraft:talked_to_villager":8,"minecraft:play_time":273378,"minecraft:sneak_time":57680,"minecraft:walk_under_water_one_cm":28679,"minecraft:jump":5464,"minecraft:walk_on_water_one_cm":110242,"minecraft:total_world_time":273378,"minecraft:interact_with_furnace":80,"minecraft:sleep_in_bed":13,"minecraft:time_since_rest":3047,"minecraft:damage_taken":3239,"minecraft:damage_dealt":8938,"minecraft:swim_one_cm":87978,"minecraft:fly_one_cm":1475531,"minecraft:open_chest":160,"minecraft:crouch_one_cm":159188,"minecraft:fall_one_cm":99277},"minecraft:mined":{"minecraft:dark_oak_planks":39,"minecraft:diamond_ore":1,"minecraft:tuff":13,"minecraft:deepslate_diamond_ore":18,"minecraft:dark_oak_log":3,"minecraft:ladder":3,"minecraft:granite":5,"minecraft:grass_block":579,"minecraft:jungle_planks":14,"minecraft:spruce_leaves":33,"minecraft:hopper":1,"minecraft:sandstone":14,"minecraft:large_fern":4,"minecraft:redstone_ore":8,"minecraft:magma_block":1,"minecraft:furnace":1,"minecraft:iron_ore":100,"minecraft:andesite":1,"minecraft:dark_oak_stairs":14,"minecraft:bookshelf":4,"minecraft:potatoes":14,"minecraft:deepslate_iron_ore":29,"minecraft:water_cauldron":2,"minecraft:cobblestone_slab":2,"minecraft:rail":175,"minecraft:stone":227,"minecraft:deepslate_redstone_ore":17,"minecraft:crafting_table":10,"minecraft:torch":3,"minecraft:jungle_stairs":2,"minecraft:short_grass":53,"minecraft:calcite":4,"minecraft:glass":14,"minecraft:cobblestone":33,"minecraft:deepslate_gold_ore":43,"minecraft:lapis_ore":2,"minecraft:grindstone":7,"minecraft:sugar_cane":17,"minecraft:oak_planks":24,"minecraft:diorite":7,"minecraft:amethyst_block":2,"minecraft:blue_bed":4,"minecraft:purple_bed":6,"minecraft:birch_log":60,"minecraft:spruce_log":57,"minecraft:birch_leaves":4,"minecraft:jungle_fence":1,"minecraft:oak_log":226,"minecraft:coal_ore":98,"minecraft:sand":197,"minecraft:dirt":1028,"minecraft:gold_ore":1,"minecraft:deepslate":51,"minecraft:oak_leaves":63,"minecraft:fern":2}},"DataVersion":3700}