{"stats":{"minecraft:killed":{"minecraft:spider":2,"minecraft:skeleton":16,"minecraft:pig":5,"minecraft:zombie_villager":2,"minecraft:salmon":12,"minecraft:creeper":1,"minecraft:zombie":23,"minecraft:cow":3},"minecraft:dropped":{"minecraft:brown_mushroom":1,"minecraft:dark_oak_stairs":10,"minecraft:wheat_seeds":2,"minecraft:poisonous_potato":1,"minecraft:glow_berries":4,"minecraft:jungle_planks":14,"minecraft:cobblestone_stairs":2,"minecraft:dirt":8,"minecraft:sand":19,"minecraft:gravel":2,"minecraft:tuff":2,"minecraft:birch_sapling":2,"minecraft:composter":1,"minecraft:rotten_flesh":1,"minecraft:potato":49,"minecraft:oak_boat":11,"minecraft:oak_sapling":2,"minecraft:sandstone":13,"minecraft:wooden_pickaxe":1},"minecraft:crafted":{"minecraft:oak_planks":596,"minecraft:cobblestone_slab":126,"minecraft:stone_shovel":3,"minecraft:oak_sign":60,"minecraft:furnace":3,"minecraft:bone_meal":18,"minecraft:glass":147,"minecraft:hopper":9,"minecraft:iron_axe":4,"minecraft:ladder":30,"minecraft:chest":23,"minecraft:stone_hoe":1,"minecraft:cooked_beef":5,"minecraft:furnace_minecart":1,"minecraft:cooked_porkchop":9,"minecraft:crafting_table":3,"minecraft:spruce_planks":4,"minecraft:wooden_pickaxe":2,"minecraft:baked_potato":62,"minecraft:iron_sword":1,"minecraft:cooked_salmon":10,"minecraft:bucket":1,"minecraft:air":0,"minecraft:oak_boat":15,"minecraft:oak_chest_boat":2,"minecraft:charcoal":43,"minecraft:shield":4,"minecraft:stick":208,"minecraft:iron_pickaxe":3,"minecraft:black_bed":1,"minecraft:white_bed":1,"minecraft:torch":476,"minecraft:shears":1},"minecraft:mined":{"minecraft:dark_oak_planks":39,"minecraft:diamond_ore":1,"minecraft:tuff":13,"minecraft:deepslate_diamond_ore":26,"minecraft:cobblestone_stairs":1,"minecraft:dark_oak_log":3,"minecraft:cave_vines_plant":2,"minecraft:ladder":3,"minecraft:granite":5,"minecraft:grass_block":639,"minecraft:jungle_planks":14,"minecraft:spruce_leaves":41,"minecraft:kelp":26,"minecraft:composter":1,"minecraft:moss_block":3,"minecraft:hopper":1,"minecraft:sandstone":14,"minecraft:large_fern":4,"minecraft:magma_block":1,"minecraft:redstone_ore":14,"minecraft:furnace":1,"minecraft:iron_ore":124,"minecraft:cobbled_deepslate":35,"minecraft:andesite":1,"minecraft:deepslate_lapis_ore":1,"minecraft:dark_oak_stairs":14,"minecraft:bookshelf":4,"minecraft:potatoes":47,"minecraft:cave_vines":3,"minecraft:deepslate_iron_ore":53,"minecraft:cobblestone_slab":2,"minecraft:water_cauldron":2,"minecraft:rail":175,"minecraft:stone":249,"minecraft:deepslate_redstone_ore":40,"minecraft:brown_mushroom":2,"minecraft:kelp_plant":5,"minecraft:crafting_table":12,"minecraft:torch":3,"minecraft:jungle_stairs":2,"minecraft:short_grass":75,"minecraft:calcite":4,"minecraft:glass":14,"minecraft:cobblestone":35,"minecraft:deepslate_gold_ore":49,"minecraft:lapis_ore":2,"minecraft:grindstone":7,"minecraft:oak_planks":24,"minecraft:sugar_cane":19,"minecraft:blue_bed":7,"minecraft:diorite":12,"minecraft:wall_torch":1,"minecraft:amethyst_block":2,"minecraft:purple_bed":8,"minecraft:birch_log":102,"minecraft:spruce_log":59,"minecraft:birch_leaves":5,"minecraft:jungle_fence":1,"minecraft:oak_log":542,"minecraft:coal_ore":135,"minecraft:gravel":1,"minecraft:dirt":1050,"minecraft:sand":197,"minecraft:gold_ore":1,"minecraft:oak_leaves":226,"minecraft:deepslate":74,"minecraft:fern":2},"minecraft:picked_up":{"minecraft:charcoal":8,"minecraft:crafting_table":13,"minecraft:iron_chestplate":1,"minecraft:ladder":19,"minecraft:brown_mushroom":1,"minecraft:amethyst_block":2,"minecraft:iron_axe":1,"minecraft:iron_leggings":1,"minecraft:cobbled_deepslate":154,"minecraft:beef":5,"minecraft:oak_boat":6,"minecraft:cobblestone_slab":1,"minecraft:calcite":4,"minecraft:poppy":4,"minecraft:iron_pickaxe":1,"minecraft:minecart":5,"minecraft:sugar_cane":33,"minecraft:birch_sapling":20,"minecraft:furnace":1,"minecraft:iron_boots":1,"minecraft:stick":103,"minecraft:raw_iron":220,"minecraft:sandstone":13,"minecraft:composter":1,"minecraft:torch":16,"minecraft:porkchop":9,"minecraft:diorite":17,"minecraft:redstone":378,"minecraft:dark_oak_planks":29,"minecraft:arrow":13,"minecraft:rotten_flesh":22,"minecraft:tropical_fish":2,"minecraft:jungle_stairs":1,"minecraft:shears":1,"minecraft:oak_chest_boat":4,"minecraft:glow_berries":6,"minecraft:rail":198,"minecraft:white_wool":3,"minecraft:cobblestone":286,"minecraft:furnace_minecart":4,"minecraft:birch_log":102,"minecraft:magma_block":1,"minecraft:andesite":3,"minecraft:water_bucket":1,"minecraft:salmon":12,"minecraft:leather":4,"minecraft:potato":191,"minecraft:tuff":14,"minecraft:oak_log":604,"minecraft:gunpowder":5,"minecraft:cobblestone_stairs":2,"minecraft:dirt":1663,"minecraft:lapis_lazuli":27,"minecraft:blue_bed":7,"minecraft:bone":12,"minecraft:apple":26,"minecraft:kelp":40,"minecraft:bow":1,"minecraft:wheat_seeds":13,"minecraft:raw_gold":56,"minecraft:grindstone":7,"minecraft:iron_ingot":91,"minecraft:dark_oak_stairs":10,"minecraft:moss_block":6,"minecraft:stone_hoe":1,"minecraft:iron_sword":1,"minecraft:oak_planks":21,"minecraft:book":12,"minecraft:poisonous_potato":1,"minecraft:gravel":5,"minecraft:sand":195,"minecraft:jungle_planks":14,"minecraft:spruce_sapling":9,"minecraft:spruce_log":62,"minecraft:dark_oak_log":1,"minecraft:diamond_shovel":1,"minecraft:purple_bed":8,"minecraft:diamond":35,"minecraft:iron_helmet":1,"minecraft:granite":7,"minecraft:baked_potato":18,"minecraft:oak_sapling":146,"minecraft:black_wool":3,"minecraft:coal":159,"minecraft:hopper":1},"minecraft:custom":{"minecraft:mob_kills":66,"minecraft:inspect_hopper":2,"minecraft:interact_with_crafting_table":52,"minecraft:leave_game":15,"minecraft:time_since_death":14059,"minecraft:climb_one_cm":29898,"minecraft:sprint_one_cm":938900,"minecraft:walk_one_cm":563141,"minecraft:damage_blocked_by_shield":8387,"minecraft:drop":49,"minecraft:talked_to_villager":8,"minecraft:play_time":372528,"minecraft:sneak_time":73752,"minecraft:deaths":1,"minecraft:walk_under_water_one_cm":41450,"minecraft:boat_one_cm":34291,"minecraft:jump":7796,"minecraft:walk_on_water_one_cm":126169,"minecraft:total_world_time":372528,"minecraft:interact_with_furnace":96,"minecraft:sleep_in_bed":18,"minecraft:time_since_rest":13898,"minecraft:damage_taken":4301,"minecraft:damage_dealt":9749,"minecraft:swim_one_cm":142534,"minecraft:fly_one_cm":2030849,"minecraft:open_chest":267,"minecraft:crouch_one_cm":195710,"minecraft:fall_one_cm":159855},"minecraft:broken":{"minecraft:shield":3,"minecraft:iron_axe":3,"minecraft:iron_pickaxe":4,"minecraft:stone_shovel":3},"minecraft:killed_by":{"minecraft:creeper":1},"minecraft:used":{"minecraft:stone_shovel":393,"minecraft:ladder":24,"minecraft:oak_sign":9,"minecraft:chest":12,"minecraft:shield":88,"minecraft:iron_sword":212,"minecraft:cooked_salmon":12,"minecraft:stone_hoe":90,"minecraft:torch":492,"minecraft:dirt":504,"minecraft:hopper":10,"minecraft:tuff":12,"minecraft:furnace_minecart":4,"minecraft:granite":7,"minecraft:glass":86,"minecraft:lava_bucket":3,"minecraft:iron_axe":993,"minecraft:furnace":3,"minecraft:minecart":6,"minecraft:cooked_beef":5,"minecraft:potato":101,"minecraft:cobbled_deepslate":93,"minecraft:oak_chest_boat":6,"minecraft:water_bucket":105,"minecraft:baked_potato":50,"minecraft:oak_planks":88,"minecraft:wooden_pickaxe":1,"minecraft:cobblestone_slab":115,"minecraft:blue_bed":7,"minecraft:rail":199,"minecraft:crafting_table":13,"minecraft:white_bed":1,"minecraft:black_bed":1,"minecraft:oak_log":10,"minecraft:diamond_shovel":1390,"minecraft:bread":25,"minecraft:iron_pickaxe":1103,"minecraft:cobblestone":116,"minecraft:purple_bed":8,"minecraft:cooked_porkchop":9,"minecraft:bucket":109,"minecraft:oak_boat":5,"minecraft:kelp":40,"minecraft:bone_meal":18}},"DataVersion":3700}