{"stats":{"minecraft:broken":{"minecraft:stone_pickaxe":1,"minecraft:stone_axe":4},"minecraft:dropped":{"minecraft:stripped_spruce_log":14,"minecraft:brown_mushroom":2,"minecraft:cooked_beef":8,"minecraft:cherry_log":46,"minecraft:crafting_table":1,"minecraft:cooked_porkchop":6,"minecraft:golden_apple":1,"minecraft:stick":11,"minecraft:cherry_planks":3,"minecraft:white_banner":1,"minecraft:birch_log":124,"minecraft:spruce_sapling":2,"minecraft:dandelion":3,"minecraft:sweet_berries":3,"minecraft:cooked_chicken":1,"minecraft:glass_pane":32,"minecraft:poppy":11,"minecraft:spruce_boat":1,"minecraft:shield":1,"minecraft:flower_pot":4,"minecraft:spruce_log":305,"minecraft:stone_pickaxe":4},"minecraft:mined":{"minecraft:spruce_planks":45,"minecraft:white_bed":1,"minecraft:mossy_cobblestone":22,"minecraft:cherry_log":50,"minecraft:grass_block":13,"minecraft:spruce_fence":6,"minecraft:spruce_leaves":133,"minecraft:oxeye_daisy":1,"minecraft:large_fern":17,"minecraft:furnace":6,"minecraft:barrel":1,"minecraft:iron_ore":7,"minecraft:fire":1,"minecraft:stripped_spruce_log":19,"minecraft:pumpkin":4,"minecraft:stone":61,"minecraft:spruce_slab":12,"minecraft:brown_mushroom":1,"minecraft:cherry_planks":1,"minecraft:spruce_door":8,"minecraft:dandelion":3,"minecraft:powder_snow":6,"minecraft:clay":16,"minecraft:crafting_table":9,"minecraft:short_grass":200,"minecraft:poppy":12,"minecraft:rose_bush":2,"minecraft:tall_grass":21,"minecraft:cobblestone":7,"minecraft:sugar_cane":5,"minecraft:wall_torch":3,"minecraft:pink_petals":144,"minecraft:spruce_stairs":11,"minecraft:birch_log":54,"minecraft:sweet_berry_bush":11,"minecraft:spruce_log":310,"minecraft:birch_leaves":10,"minecraft:oak_log":7,"minecraft:coal_ore":56,"minecraft:cherry_leaves":15,"minecraft:flower_pot":1,"minecraft:sand":69,"minecraft:dirt":14,"minecraft:oak_leaves":57,"minecraft:fern":22},"minecraft:used":{"minecraft:cherry_sapling":5,"minecraft:stone_sword":145,"minecraft:stone_shovel":98,"minecraft:spruce_slab":56,"minecraft:chest":4,"minecraft:spruce_planks":131,"minecraft:shield":37,"minecraft:stone_hoe":73,"minecraft:cooked_chicken":1,"minecraft:torch":3,"minecraft:dirt":331,"minecraft:spruce_stairs":25,"minecraft:spruce_fence":22,"minecraft:spruce_boat":2,"minecraft:birch_sapling":4,"minecraft:barrel":1,"minecraft:sweet_berries":18,"minecraft:furnace":9,"minecraft:egg":3,"minecraft:cooked_beef":5,"minecraft:cherry_log":1,"minecraft:wheat_seeds":13,"minecraft:spruce_door":12,"minecraft:stone_pickaxe":141,"minecraft:wooden_pickaxe":17,"minecraft:cherry_planks":1,"minecraft:oak_leaves":4,"minecraft:golden_apple":1,"minecraft:mossy_cobblestone":4,"minecraft:sand":1,"minecraft:crafting_table":10,"minecraft:red_bed":1,"minecraft:white_bed":4,"minecraft:shears":42,"minecraft:spruce_log":87,"minecraft:pumpkin_seeds":4,"minecraft:flower_pot":4,"minecraft:apple":1,"minecraft:iron_pickaxe":18,"minecraft:spruce_sapling":18,"minecraft:stone_axe":623,"minecraft:pink_petals":4,"minecraft:cobblestone":5,"minecraft:cooked_porkchop":8,"minecraft:birch_log":99,"minecraft:oak_boat":4},"minecraft:custom":{"minecraft:mob_kills":27,"minecraft:interact_with_crafting_table":50,"minecraft:open_barrel":1,"minecraft:leave_game":7,"minecraft:time_since_death":174307,"minecraft:sprint_one_cm":281968,"minecraft:walk_one_cm":591190,"minecraft:damage_blocked_by_shield":2014,"minecraft:drop":51,"minecraft:play_time":174307,"minecraft:sneak_time":36130,"minecraft:walk_under_water_one_cm":20713,"minecraft:boat_one_cm":96139,"minecraft:jump":2683,"minecraft:walk_on_water_one_cm":15278,"minecraft:total_world_time":174307,"minecraft:interact_with_furnace":57,"minecraft:pot_flower":3,"minecraft:sleep_in_bed":8,"minecraft:time_since_rest":12025,"minecraft:damage_taken":914,"minecraft:damage_dealt":3605,"minecraft:swim_one_cm":31668,"minecraft:fly_one_cm":422020,"minecraft:open_chest":52,"minecraft:crouch_one_cm":104048,"minecraft:fall_one_cm":53380},"minecraft:crafted":{"minecraft:brick":16,"minecraft:cherry_planks":4,"minecraft:oak_planks":16,"minecraft:stone_shovel":1,"minecraft:barrel":1,"minecraft:cooked_chicken":2,"minecraft:furnace":3,"minecraft:spruce_fence":18,"minecraft:glass_pane":32,"minecraft:glass":64,"minecraft:spruce_stairs":36,"minecraft:spruce_slab":54,"minecraft:stone_pickaxe":2,"minecraft:chest":4,"minecraft:spruce_boat":1,"minecraft:stone_hoe":1,"minecraft:flower_pot":5,"minecraft:cooked_beef":19,"minecraft:red_dye":1,"minecraft:cooked_porkchop":16,"minecraft:crafting_table":3,"minecraft:spruce_planks":336,"minecraft:wooden_pickaxe":1,"minecraft:spruce_door":3,"minecraft:red_bed":1,"minecraft:pumpkin_seeds":4,"minecraft:stone_axe":5,"minecraft:air":0,"minecraft:shield":2,"minecraft:stick":40,"minecraft:iron_ingot":7,"minecraft:iron_pickaxe":1,"minecraft:stone_sword":1,"minecraft:white_bed":2,"minecraft:shears":1},"minecraft:killed":{"minecraft:skeleton":2,"minecraft:chicken":2,"minecraft:pig":5,"minecraft:creeper":1,"minecraft:pillager":4,"minecraft:zombie":6,"minecraft:cow":7},"minecraft:picked_up":{"minecraft:crafting_table":8,"minecraft:flower_pot":3,"minecraft:clay_ball":64,"minecraft:chicken":2,"minecraft:brown_mushroom":3,"minecraft:iron_shovel":1,"minecraft:pufferfish":2,"minecraft:spruce_planks":44,"minecraft:beef":14,"minecraft:rose_bush":1,"minecraft:poppy":19,"minecraft:spruce_slab":14,"minecraft:sugar_cane":15,"minecraft:birch_sapling":5,"minecraft:egg":3,"minecraft:furnace":6,"minecraft:stick":11,"minecraft:raw_iron":7,"minecraft:torch":3,"minecraft:spruce_stairs":10,"minecraft:spruce_fence":6,"minecraft:porkchop":11,"minecraft:cherry_log":48,"minecraft:rotten_flesh":3,"minecraft:tropical_fish":5,"minecraft:cod":2,"minecraft:white_wool":8,"minecraft:cobblestone":59,"minecraft:oxeye_daisy":2,"minecraft:birch_log":95,"minecraft:pink_petals":391,"minecraft:feather":3,"minecraft:leather":7,"minecraft:oak_log":7,"minecraft:gunpowder":1,"minecraft:dirt":30,"minecraft:white_banner":1,"minecraft:bone":2,"minecraft:apple":1,"minecraft:wheat_seeds":28,"minecraft:stone_pickaxe":3,"minecraft:cooked_porkchop":2,"minecraft:sweet_berries":23,"minecraft:pumpkin":4,"minecraft:dandelion":9,"minecraft:sand":69,"minecraft:stripped_spruce_log":32,"minecraft:spruce_sapling":19,"minecraft:ink_sac":1,"minecraft:white_bed":3,"minecraft:spruce_log":323,"minecraft:barrel":1,"minecraft:spruce_door":9,"minecraft:mossy_cobblestone":16,"minecraft:spruce_boat":2,"minecraft:bone_meal":2,"minecraft:cherry_sapling":5,"minecraft:oak_leaves":40,"minecraft:coal":88}},"DataVersion":3700}