{"stats":{"minecraft:crafted":{"minecraft:furnace_minecart":1,"minecraft:oak_planks":508,"minecraft:cobblestone_slab":126,"minecraft:stone_shovel":3,"minecraft:oak_sign":60,"minecraft:cooked_porkchop":9,"minecraft:crafting_table":2,"minecraft:spruce_planks":4,"minecraft:wooden_pickaxe":2,"minecraft:baked_potato":12,"minecraft:furnace":3,"minecraft:cooked_salmon":6,"minecraft:bone_meal":6,"minecraft:bucket":1,"minecraft:air":0,"minecraft:glass":147,"minecraft:hopper":9,"minecraft:charcoal":43,"minecraft:shield":1,"minecraft:iron_axe":3,"minecraft:ladder":27,"minecraft:stick":104,"minecraft:chest":19,"minecraft:torch":24,"minecraft:stone_hoe":1},"minecraft:killed":{"minecraft:pig":5,"minecraft:salmon":12,"minecraft:spider":1,"minecraft:creeper":1,"minecraft:skeleton":4,"minecraft:zombie":6,"minecraft:cow":3},"minecraft:dropped":{"minecraft:dark_oak_stairs":10,"minecraft:jungle_planks":14,"minecraft:dirt":8,"minecraft:sandstone":13,"minecraft:sand":19,"minecraft:wooden_pickaxe":1},"minecraft:used":{"minecraft:water_bucket":90,"minecraft:baked_potato":12,"minecraft:ladder":21,"minecraft:stone_shovel":393,"minecraft:oak_planks":88,"minecraft:oak_sign":9,"minecraft:chest":10,"minecraft:wooden_pickaxe":1,"minecraft:shield":17,"minecraft:iron_sword":87,"minecraft:cooked_salmon":2,"minecraft:cobblestone_slab":115,"minecraft:blue_bed":4,"minecraft:stone_hoe":16,"minecraft:torch":27,"minecraft:dirt":431,"minecraft:rail":199,"minecraft:hopper":10,"minecraft:crafting_table":7,"minecraft:furnace_minecart":4,"minecraft:glass":86,"minecraft:oak_log":2,"minecraft:lava_bucket":3,"minecraft:diamond_shovel":1257,"minecraft:iron_pickaxe":403,"minecraft:iron_axe":538,"minecraft:bread":25,"minecraft:cobblestone":39,"minecraft:purple_bed":6,"minecraft:furnace":3,"minecraft:cooked_porkchop":9,"minecraft:minecart":6,"minecraft:bucket":94,"minecraft:potato":13,"minecraft:bone_meal":6},"minecraft:picked_up":{"minecraft:birch_log":60,"minecraft:furnace_minecart":4,"minecraft:charcoal":8,"minecraft:crafting_table":6,"minecraft:magma_block":1,"minecraft:ladder":19,"minecraft:salmon":12,"minecraft:leather":4,"minecraft:oak_log":226,"minecraft:gunpowder":2,"minecraft:dirt":1499,"minecraft:blue_bed":4,"minecraft:bone":3,"minecraft:apple":8,"minecraft:wheat_seeds":9,"minecraft:iron_ingot":30,"minecraft:grindstone":7,"minecraft:beef":5,"minecraft:cobblestone_slab":1,"minecraft:poppy":4,"minecraft:minecart":5,"minecraft:sugar_cane":11,"minecraft:birch_sapling":15,"minecraft:oak_planks":21,"minecraft:dark_oak_stairs":10,"minecraft:furnace":1,"minecraft:book":12,"minecraft:raw_iron":1,"minecraft:stick":43,"minecraft:sandstone":13,"minecraft:torch":3,"minecraft:gravel":2,"minecraft:porkchop":9,"minecraft:sand":175,"minecraft:jungle_planks":14,"minecraft:spruce_sapling":9,"minecraft:spruce_log":60,"minecraft:dark_oak_log":1,"minecraft:dark_oak_planks":29,"minecraft:arrow":5,"minecraft:purple_bed":6,"minecraft:rotten_flesh":6,"minecraft:jungle_stairs":1,"minecraft:oak_sapling":57,"minecraft:hopper":1,"minecraft:rail":198,"minecraft:cobblestone":173},"minecraft:broken":{"minecraft:iron_axe":2,"minecraft:iron_pickaxe":1,"minecraft:stone_shovel":3},"minecraft:custom":{"minecraft:interact_with_furnace":65,"minecraft:mob_kills":33,"minecraft:inspect_hopper":2,"minecraft:interact_with_crafting_table":34,"minecraft:leave_game":9,"minecraft:time_since_death":212698,"minecraft:climb_one_cm":27442,"minecraft:sleep_in_bed":12,"minecraft:time_since_rest":4286,"minecraft:sprint_one_cm":461744,"minecraft:damage_taken":1684,"minecraft:walk_one_cm":336715,"minecraft:damage_blocked_by_shield":887,"minecraft:drop":13,"minecraft:damage_dealt":3602,"minecraft:swim_one_cm":86394,"minecraft:talked_to_villager":8,"minecraft:fly_one_cm":1186729,"minecraft:open_chest":137,"minecraft:crouch_one_cm":122825,"minecraft:play_time":212698,"minecraft:sneak_time":42453,"minecraft:walk_under_water_one_cm":26902,"minecraft:jump":3958,"minecraft:walk_on_water_one_cm":103967,"minecraft:total_world_time":212698,"minecraft:fall_one_cm":68675},"minecraft:mined":{"minecraft:dark_oak_planks":39,"minecraft:dark_oak_log":3,"minecraft:crafting_table":6,"minecraft:torch":1,"minecraft:ladder":3,"minecraft:jungle_stairs":2,"minecraft:short_grass":50,"minecraft:grass_block":549,"minecraft:jungle_planks":14,"minecraft:glass":14,"minecraft:cobblestone":33,"minecraft:spruce_leaves":32,"minecraft:oak_planks":24,"minecraft:grindstone":7,"minecraft:sugar_cane":7,"minecraft:hopper":1,"minecraft:sandstone":14,"minecraft:blue_bed":4,"minecraft:large_fern":3,"minecraft:purple_bed":6,"minecraft:magma_block":1,"minecraft:furnace":1,"minecraft:birch_log":60,"minecraft:iron_ore":1,"minecraft:spruce_log":57,"minecraft:birch_leaves":4,"minecraft:jungle_fence":1,"minecraft:dark_oak_stairs":14,"minecraft:bookshelf":4,"minecraft:oak_log":226,"minecraft:cobblestone_slab":2,"minecraft:water_cauldron":2,"minecraft:rail":175,"minecraft:sand":174,"minecraft:dirt":1014,"minecraft:stone":147,"minecraft:oak_leaves":57,"minecraft:fern":2}},"DataVersion":3700}