{"stats":{"minecraft:crafted":{"minecraft:oak_planks":516,"minecraft:cobblestone_slab":126,"minecraft:stone_shovel":3,"minecraft:oak_sign":60,"minecraft:furnace":3,"minecraft:bone_meal":6,"minecraft:hopper":9,"minecraft:glass":147,"minecraft:iron_axe":3,"minecraft:ladder":27,"minecraft:chest":19,"minecraft:stone_hoe":1,"minecraft:cooked_beef":5,"minecraft:furnace_minecart":1,"minecraft:cooked_porkchop":9,"minecraft:crafting_table":2,"minecraft:spruce_planks":4,"minecraft:wooden_pickaxe":2,"minecraft:baked_potato":12,"minecraft:cooked_salmon":10,"minecraft:bucket":1,"minecraft:air":0,"minecraft:charcoal":43,"minecraft:shield":2,"minecraft:stick":104,"minecraft:iron_pickaxe":1,"minecraft:torch":176},"minecraft:killed":{"minecraft:spider":1,"minecraft:skeleton":7,"minecraft:pig":5,"minecraft:salmon":12,"minecraft:creeper":1,"minecraft:zombie":13,"minecraft:cow":3},"minecraft:used":{"minecraft:stone_shovel":393,"minecraft:ladder":21,"minecraft:oak_sign":9,"minecraft:chest":10,"minecraft:shield":38,"minecraft:iron_sword":124,"minecraft:cooked_salmon":9,"minecraft:stone_hoe":16,"minecraft:torch":174,"minecraft:dirt":434,"minecraft:hopper":10,"minecraft:furnace_minecart":4,"minecraft:glass":86,"minecraft:lava_bucket":3,"minecraft:iron_axe":540,"minecraft:furnace":3,"minecraft:minecart":6,"minecraft:potato":13,"minecraft:water_bucket":95,"minecraft:baked_potato":12,"minecraft:oak_planks":88,"minecraft:wooden_pickaxe":1,"minecraft:blue_bed":4,"minecraft:cobblestone_slab":115,"minecraft:rail":199,"minecraft:crafting_table":9,"minecraft:oak_log":2,"minecraft:diamond_shovel":1266,"minecraft:bread":25,"minecraft:iron_pickaxe":687,"minecraft:cobblestone":85,"minecraft:purple_bed":6,"minecraft:cooked_porkchop":9,"minecraft:bucket":99,"minecraft:bone_meal":6},"minecraft:dropped":{"minecraft:dark_oak_stairs":10,"minecraft:jungle_planks":14,"minecraft:dirt":8,"minecraft:sand":19,"minecraft:sandstone":13,"minecraft:wooden_pickaxe":1},"minecraft:picked_up":{"minecraft:charcoal":8,"minecraft:crafting_table":8,"minecraft:ladder":19,"minecraft:beef":5,"minecraft:cobblestone_slab":1,"minecraft:poppy":4,"minecraft:minecart":5,"minecraft:sugar_cane":11,"minecraft:birch_sapling":15,"minecraft:furnace":1,"minecraft:stick":43,"minecraft:raw_iron":101,"minecraft:sandstone":13,"minecraft:torch":4,"minecraft:porkchop":9,"minecraft:diorite":5,"minecraft:dark_oak_planks":29,"minecraft:arrow":7,"minecraft:rotten_flesh":11,"minecraft:jungle_stairs":1,"minecraft:rail":198,"minecraft:cobblestone":246,"minecraft:birch_log":60,"minecraft:furnace_minecart":4,"minecraft:magma_block":1,"minecraft:salmon":12,"minecraft:andesite":3,"minecraft:leather":4,"minecraft:oak_log":226,"minecraft:gunpowder":2,"minecraft:lapis_lazuli":9,"minecraft:blue_bed":4,"minecraft:dirt":1509,"minecraft:bone":5,"minecraft:apple":8,"minecraft:bow":1,"minecraft:wheat_seeds":9,"minecraft:grindstone":7,"minecraft:iron_ingot":30,"minecraft:oak_planks":21,"minecraft:dark_oak_stairs":10,"minecraft:book":12,"minecraft:gravel":2,"minecraft:jungle_planks":14,"minecraft:sand":175,"minecraft:spruce_sapling":9,"minecraft:spruce_log":60,"minecraft:dark_oak_log":1,"minecraft:purple_bed":6,"minecraft:granite":6,"minecraft:oak_sapling":57,"minecraft:coal":99,"minecraft:hopper":1},"minecraft:broken":{"minecraft:shield":1,"minecraft:iron_axe":2,"minecraft:iron_pickaxe":2,"minecraft:stone_shovel":3},"minecraft:custom":{"minecraft:mob_kills":43,"minecraft:inspect_hopper":2,"minecraft:interact_with_crafting_table":37,"minecraft:leave_game":10,"minecraft:time_since_death":237378,"minecraft:climb_one_cm":27442,"minecraft:sprint_one_cm":533235,"minecraft:walk_one_cm":380261,"minecraft:damage_blocked_by_shield":2597,"minecraft:drop":13,"minecraft:talked_to_villager":8,"minecraft:play_time":237378,"minecraft:sneak_time":50790,"minecraft:walk_under_water_one_cm":26902,"minecraft:jump":4512,"minecraft:walk_on_water_one_cm":106196,"minecraft:total_world_time":237378,"minecraft:interact_with_furnace":69,"minecraft:sleep_in_bed":12,"minecraft:time_since_rest":28966,"minecraft:damage_taken":2109,"minecraft:damage_dealt":5457,"minecraft:swim_one_cm":86844,"minecraft:fly_one_cm":1260094,"minecraft:open_chest":142,"minecraft:crouch_one_cm":144156,"minecraft:fall_one_cm":79520},"minecraft:mined":{"minecraft:dark_oak_planks":39,"minecraft:dark_oak_log":3,"minecraft:ladder":3,"minecraft:granite":4,"minecraft:grass_block":549,"minecraft:jungle_planks":14,"minecraft:spruce_leaves":32,"minecraft:hopper":1,"minecraft:sandstone":14,"minecraft:large_fern":3,"minecraft:magma_block":1,"minecraft:furnace":1,"minecraft:iron_ore":100,"minecraft:andesite":1,"minecraft:dark_oak_stairs":14,"minecraft:bookshelf":4,"minecraft:water_cauldron":2,"minecraft:cobblestone_slab":2,"minecraft:rail":175,"minecraft:stone":220,"minecraft:crafting_table":8,"minecraft:torch":1,"minecraft:jungle_stairs":2,"minecraft:short_grass":50,"minecraft:glass":14,"minecraft:cobblestone":33,"minecraft:lapis_ore":1,"minecraft:grindstone":7,"minecraft:sugar_cane":7,"minecraft:oak_planks":24,"minecraft:diorite":7,"minecraft:blue_bed":4,"minecraft:purple_bed":6,"minecraft:birch_log":60,"minecraft:spruce_log":57,"minecraft:birch_leaves":4,"minecraft:jungle_fence":1,"minecraft:oak_log":226,"minecraft:coal_ore":98,"minecraft:sand":174,"minecraft:dirt":1024,"minecraft:oak_leaves":57,"minecraft:fern":2}},"DataVersion":3700}