{"stats":{"minecraft:crafted":{"minecraft:oak_planks":540,"minecraft:cobblestone_slab":126,"minecraft:stone_shovel":3,"minecraft:oak_sign":60,"minecraft:furnace":3,"minecraft:bone_meal":6,"minecraft:hopper":9,"minecraft:glass":147,"minecraft:iron_axe":3,"minecraft:ladder":27,"minecraft:chest":19,"minecraft:stone_hoe":1,"minecraft:cooked_beef":5,"minecraft:furnace_minecart":1,"minecraft:cooked_porkchop":9,"minecraft:crafting_table":2,"minecraft:spruce_planks":4,"minecraft:wooden_pickaxe":2,"minecraft:baked_potato":12,"minecraft:cooked_salmon":10,"minecraft:bucket":1,"minecraft:air":0,"minecraft:charcoal":43,"minecraft:shield":2,"minecraft:stick":156,"minecraft:iron_pickaxe":2,"minecraft:torch":320},"minecraft:killed":{"minecraft:spider":1,"minecraft:skeleton":11,"minecraft:pig":5,"minecraft:zombie_villager":1,"minecraft:salmon":12,"minecraft:creeper":1,"minecraft:zombie":17,"minecraft:cow":3},"minecraft:used":{"minecraft:stone_shovel":393,"minecraft:ladder":21,"minecraft:oak_sign":9,"minecraft:chest":10,"minecraft:shield":65,"minecraft:iron_sword":156,"minecraft:cooked_salmon":12,"minecraft:stone_hoe":16,"minecraft:torch":263,"minecraft:dirt":434,"minecraft:hopper":10,"minecraft:furnace_minecart":4,"minecraft:glass":86,"minecraft:lava_bucket":3,"minecraft:iron_axe":541,"minecraft:furnace":3,"minecraft:minecart":6,"minecraft:cooked_beef":2,"minecraft:potato":13,"minecraft:water_bucket":96,"minecraft:baked_potato":12,"minecraft:oak_planks":88,"minecraft:wooden_pickaxe":1,"minecraft:blue_bed":4,"minecraft:cobblestone_slab":115,"minecraft:rail":199,"minecraft:crafting_table":10,"minecraft:oak_log":2,"minecraft:diamond_shovel":1266,"minecraft:bread":25,"minecraft:iron_pickaxe":803,"minecraft:cobblestone":103,"minecraft:purple_bed":6,"minecraft:cooked_porkchop":9,"minecraft:bucket":100,"minecraft:bone_meal":6},"minecraft:dropped":{"minecraft:dark_oak_stairs":10,"minecraft:jungle_planks":14,"minecraft:dirt":8,"minecraft:sand":19,"minecraft:sandstone":13,"minecraft:wooden_pickaxe":1},"minecraft:picked_up":{"minecraft:charcoal":8,"minecraft:crafting_table":9,"minecraft:ladder":19,"minecraft:amethyst_block":2,"minecraft:cobbled_deepslate":39,"minecraft:beef":5,"minecraft:cobblestone_slab":1,"minecraft:calcite":4,"minecraft:poppy":4,"minecraft:minecart":5,"minecraft:sugar_cane":11,"minecraft:birch_sapling":15,"minecraft:furnace":1,"minecraft:stick":43,"minecraft:raw_iron":119,"minecraft:sandstone":13,"minecraft:torch":7,"minecraft:porkchop":9,"minecraft:diorite":5,"minecraft:redstone":20,"minecraft:dark_oak_planks":29,"minecraft:arrow":7,"minecraft:rotten_flesh":13,"minecraft:jungle_stairs":1,"minecraft:rail":198,"minecraft:cobblestone":246,"minecraft:birch_log":60,"minecraft:furnace_minecart":4,"minecraft:magma_block":1,"minecraft:salmon":12,"minecraft:andesite":3,"minecraft:leather":4,"minecraft:tuff":13,"minecraft:oak_log":226,"minecraft:gunpowder":3,"minecraft:lapis_lazuli":9,"minecraft:blue_bed":4,"minecraft:dirt":1509,"minecraft:bone":8,"minecraft:apple":8,"minecraft:bow":1,"minecraft:wheat_seeds":9,"minecraft:raw_gold":26,"minecraft:grindstone":7,"minecraft:iron_ingot":30,"minecraft:oak_planks":21,"minecraft:dark_oak_stairs":10,"minecraft:book":12,"minecraft:gravel":2,"minecraft:jungle_planks":14,"minecraft:sand":175,"minecraft:spruce_sapling":9,"minecraft:spruce_log":60,"minecraft:dark_oak_log":1,"minecraft:purple_bed":6,"minecraft:diamond":17,"minecraft:granite":6,"minecraft:oak_sapling":57,"minecraft:coal":99,"minecraft:hopper":1},"minecraft:broken":{"minecraft:shield":1,"minecraft:iron_axe":2,"minecraft:iron_pickaxe":3,"minecraft:stone_shovel":3},"minecraft:custom":{"minecraft:mob_kills":52,"minecraft:inspect_hopper":2,"minecraft:interact_with_crafting_table":38,"minecraft:leave_game":10,"minecraft:time_since_death":249378,"minecraft:climb_one_cm":27442,"minecraft:sprint_one_cm":561032,"minecraft:walk_one_cm":402376,"minecraft:damage_blocked_by_shield":5071,"minecraft:drop":13,"minecraft:talked_to_villager":8,"minecraft:play_time":249378,"minecraft:sneak_time":54021,"minecraft:walk_under_water_one_cm":28557,"minecraft:jump":4790,"minecraft:walk_on_water_one_cm":107458,"minecraft:total_world_time":249378,"minecraft:interact_with_furnace":69,"minecraft:sleep_in_bed":12,"minecraft:time_since_rest":40966,"minecraft:damage_taken":2432,"minecraft:damage_dealt":7028,"minecraft:swim_one_cm":87347,"minecraft:fly_one_cm":1299763,"minecraft:open_chest":142,"minecraft:crouch_one_cm":151180,"minecraft:fall_one_cm":86343},"minecraft:mined":{"minecraft:dark_oak_planks":39,"minecraft:tuff":13,"minecraft:deepslate_diamond_ore":17,"minecraft:dark_oak_log":3,"minecraft:ladder":3,"minecraft:granite":4,"minecraft:grass_block":549,"minecraft:jungle_planks":14,"minecraft:spruce_leaves":32,"minecraft:hopper":1,"minecraft:sandstone":14,"minecraft:large_fern":3,"minecraft:magma_block":1,"minecraft:furnace":1,"minecraft:iron_ore":100,"minecraft:andesite":1,"minecraft:dark_oak_stairs":14,"minecraft:bookshelf":4,"minecraft:deepslate_iron_ore":19,"minecraft:water_cauldron":2,"minecraft:cobblestone_slab":2,"minecraft:rail":175,"minecraft:stone":221,"minecraft:deepslate_redstone_ore":4,"minecraft:crafting_table":9,"minecraft:torch":1,"minecraft:jungle_stairs":2,"minecraft:short_grass":50,"minecraft:calcite":4,"minecraft:glass":14,"minecraft:cobblestone":33,"minecraft:deepslate_gold_ore":26,"minecraft:lapis_ore":1,"minecraft:grindstone":7,"minecraft:sugar_cane":7,"minecraft:oak_planks":24,"minecraft:diorite":7,"minecraft:amethyst_block":2,"minecraft:blue_bed":4,"minecraft:purple_bed":6,"minecraft:birch_log":60,"minecraft:spruce_log":57,"minecraft:birch_leaves":4,"minecraft:jungle_fence":1,"minecraft:oak_log":226,"minecraft:coal_ore":98,"minecraft:sand":174,"minecraft:dirt":1024,"minecraft:deepslate":30,"minecraft:oak_leaves":57,"minecraft:fern":2}},"DataVersion":3700}