{"stats":{"minecraft:broken":{"minecraft:iron_shovel":1,"minecraft:stone_sword":1,"minecraft:stone_pickaxe":1,"minecraft:stone_axe":6,"minecraft:stone_shovel":1},"minecraft:dropped":{"minecraft:iron_ingot":1,"minecraft:bread":31,"minecraft:stripped_spruce_log":14,"minecraft:brown_mushroom":2,"minecraft:wheat_seeds":1,"minecraft:cooked_beef":8,"minecraft:cherry_log":47,"minecraft:ender_pearl":1,"minecraft:crafting_table":1,"minecraft:cooked_porkchop":6,"minecraft:acacia_log":7,"minecraft:golden_apple":1,"minecraft:stick":11,"minecraft:cornflower":1,"minecraft:cherry_planks":3,"minecraft:iron_leggings":2,"minecraft:pumpkin_pie":1,"minecraft:white_banner":1,"minecraft:iron_axe":1,"minecraft:pink_petals":386,"minecraft:birch_log":124,"minecraft:spruce_sapling":2,"minecraft:dandelion":3,"minecraft:stone_axe":1,"minecraft:sweet_berries":3,"minecraft:cooked_chicken":1,"minecraft:stone_sword":1,"minecraft:cherry_sapling":8,"minecraft:iron_boots":1,"minecraft:glass_pane":32,"minecraft:poppy":11,"minecraft:spruce_boat":1,"minecraft:shield":1,"minecraft:flower_pot":21,"minecraft:iron_chestplate":1,"minecraft:spruce_log":305,"minecraft:glass":104,"minecraft:blue_orchid":3,"minecraft:stone_pickaxe":4},"minecraft:mined":{"minecraft:spruce_planks":45,"minecraft:white_bed":1,"minecraft:mossy_cobblestone":22,"minecraft:cherry_log":80,"minecraft:stripped_birch_log":5,"minecraft:mangrove_roots":2,"minecraft:acacia_log":7,"minecraft:grass_block":21,"minecraft:spruce_fence":6,"minecraft:spruce_leaves":134,"minecraft:mangrove_propagule":1,"minecraft:oxeye_daisy":1,"minecraft:large_fern":17,"minecraft:hay_block":23,"minecraft:furnace":6,"minecraft:barrel":4,"minecraft:iron_ore":34,"minecraft:fire":1,"minecraft:andesite":1,"minecraft:stripped_spruce_log":19,"minecraft:pumpkin":5,"minecraft:bell":2,"minecraft:pointed_dripstone":4,"minecraft:vine":12,"minecraft:blue_orchid":3,"minecraft:stone":112,"minecraft:cherry_stairs":3,"minecraft:spruce_slab":16,"minecraft:birch_pressure_plate":1,"minecraft:birch_stairs":3,"minecraft:oak_slab":2,"minecraft:acacia_leaves":26,"minecraft:brown_mushroom":1,"minecraft:cherry_planks":2,"minecraft:spruce_door":8,"minecraft:dandelion":3,"minecraft:powder_snow":6,"minecraft:oak_fence":2,"minecraft:clay":16,"minecraft:crafting_table":9,"minecraft:short_grass":222,"minecraft:poppy":12,"minecraft:chest":1,"minecraft:rose_bush":2,"minecraft:tall_grass":26,"minecraft:cobblestone":16,"minecraft:oak_planks":3,"minecraft:sugar_cane":22,"minecraft:wall_torch":3,"minecraft:pink_petals":171,"minecraft:spruce_stairs":41,"minecraft:cherry_fence":1,"minecraft:birch_log":145,"minecraft:wheat":17,"minecraft:sweet_berry_bush":11,"minecraft:spruce_log":318,"minecraft:birch_leaves":14,"minecraft:mangrove_leaves":1,"minecraft:oak_log":17,"minecraft:coal_ore":92,"minecraft:gravel":9,"minecraft:cherry_leaves":28,"minecraft:flower_pot":13,"minecraft:sand":69,"minecraft:dirt":143,"minecraft:oak_leaves":57,"minecraft:fern":22},"minecraft:used":{"minecraft:oak_fence":2,"minecraft:cherry_sapling":5,"minecraft:stone_sword":178,"minecraft:iron_shovel":53,"minecraft:stone_shovel":181,"minecraft:spruce_slab":56,"minecraft:ladder":5,"minecraft:chest":4,"minecraft:spruce_planks":131,"minecraft:shield":44,"minecraft:iron_sword":37,"minecraft:bell":2,"minecraft:stone_hoe":112,"minecraft:cooked_chicken":1,"minecraft:torch":3,"minecraft:dirt":452,"minecraft:birch_pressure_plate":3,"minecraft:spruce_stairs":51,"minecraft:spruce_fence":24,"minecraft:spruce_boat":6,"minecraft:grass_block":1,"minecraft:birch_sapling":4,"minecraft:stone_bricks":42,"minecraft:barrel":6,"minecraft:mangrove_roots":2,"minecraft:sweet_berries":18,"minecraft:furnace":9,"minecraft:egg":3,"minecraft:cooked_beef":16,"minecraft:cherry_fence":1,"minecraft:cherry_log":3,"minecraft:wheat_seeds":59,"minecraft:spruce_door":12,"minecraft:stone_pickaxe":141,"minecraft:oak_planks":3,"minecraft:ender_pearl":1,"minecraft:wooden_pickaxe":17,"minecraft:cherry_planks":2,"minecraft:sugar_cane":13,"minecraft:oak_leaves":4,"minecraft:golden_apple":1,"minecraft:mossy_cobblestone":4,"minecraft:sand":1,"minecraft:vine":11,"minecraft:oak_slab":2,"minecraft:crafting_table":10,"minecraft:red_bed":1,"minecraft:white_bed":4,"minecraft:painting":10,"minecraft:shears":54,"minecraft:spruce_log":92,"minecraft:pumpkin_seeds":4,"minecraft:oak_log":3,"minecraft:flower_pot":18,"minecraft:apple":1,"minecraft:cherry_door":2,"minecraft:birch_slab":4,"minecraft:bread":6,"minecraft:iron_pickaxe":149,"minecraft:spruce_sapling":18,"minecraft:stone_axe":876,"minecraft:pink_petals":489,"minecraft:cobblestone":16,"minecraft:cherry_stairs":7,"minecraft:cooked_porkchop":8,"minecraft:birch_log":127,"minecraft:oak_boat":4,"minecraft:birch_stairs":13},"minecraft:custom":{"minecraft:mob_kills":44,"minecraft:interact_with_crafting_table":77,"minecraft:open_barrel":15,"minecraft:bell_ring":29,"minecraft:leave_game":7,"minecraft:time_since_death":79328,"minecraft:climb_one_cm":6773,"minecraft:sprint_one_cm":580323,"minecraft:walk_one_cm":822986,"minecraft:damage_blocked_by_shield":2464,"minecraft:drop":82,"minecraft:play_time":276307,"minecraft:deaths":1,"minecraft:sneak_time":48811,"minecraft:walk_under_water_one_cm":25311,"minecraft:boat_one_cm":122111,"minecraft:jump":4629,"minecraft:walk_on_water_one_cm":29204,"minecraft:total_world_time":276307,"minecraft:interact_with_furnace":98,"minecraft:pot_flower":4,"minecraft:sleep_in_bed":17,"minecraft:time_since_rest":12805,"minecraft:damage_taken":2175,"minecraft:damage_dealt":8333,"minecraft:swim_one_cm":60046,"minecraft:fly_one_cm":846957,"minecraft:open_chest":114,"minecraft:crouch_one_cm":135597,"minecraft:fall_one_cm":105874},"minecraft:crafted":{"minecraft:brick":64,"minecraft:cherry_planks":32,"minecraft:oak_planks":40,"minecraft:stone_shovel":2,"minecraft:barrel":3,"minecraft:cooked_chicken":2,"minecraft:birch_slab":6,"minecraft:furnace":3,"minecraft:stone":44,"minecraft:spruce_fence":18,"minecraft:glass_pane":32,"minecraft:glass":64,"minecraft:spruce_stairs":36,"minecraft:iron_boots":2,"minecraft:iron_axe":1,"minecraft:ladder":6,"minecraft:spruce_slab":54,"minecraft:cherry_stairs":12,"minecraft:stone_pickaxe":2,"minecraft:chest":4,"minecraft:spruce_boat":1,"minecraft:stone_bricks":44,"minecraft:stone_hoe":1,"minecraft:oak_fence":3,"minecraft:flower_pot":21,"minecraft:wheat":162,"minecraft:cooked_beef":21,"minecraft:sugar":1,"minecraft:red_dye":1,"minecraft:oak_slab":6,"minecraft:cooked_porkchop":16,"minecraft:crafting_table":3,"minecraft:spruce_planks":360,"minecraft:wooden_pickaxe":1,"minecraft:iron_sword":1,"minecraft:spruce_door":3,"minecraft:birch_pressure_plate":2,"minecraft:red_bed":1,"minecraft:birch_planks":52,"minecraft:pumpkin_seeds":4,"minecraft:stone_axe":7,"minecraft:painting":1,"minecraft:bread":59,"minecraft:air":0,"minecraft:iron_chestplate":2,"minecraft:shield":2,"minecraft:stick":64,"minecraft:iron_ingot":34,"minecraft:iron_pickaxe":1,"minecraft:stone_sword":1,"minecraft:iron_leggings":1,"minecraft:cherry_door":3,"minecraft:pumpkin_pie":1,"minecraft:white_bed":2,"minecraft:birch_stairs":20,"minecraft:shears":1},"minecraft:killed":{"minecraft:skeleton":4,"minecraft:chicken":2,"minecraft:pig":5,"minecraft:iron_golem":2,"minecraft:frog":1,"minecraft:creeper":1,"minecraft:pillager":4,"minecraft:zombie":10,"minecraft:enderman":2,"minecraft:cow":11},"minecraft:picked_up":{"minecraft:crafting_table":8,"minecraft:wheat":17,"minecraft:flower_pot":18,"minecraft:clay_ball":64,"minecraft:chicken":2,"minecraft:brown_mushroom":12,"minecraft:shield":1,"minecraft:cornflower":1,"minecraft:moss_carpet":1,"minecraft:raw_copper":2,"minecraft:iron_leggings":1,"minecraft:iron_shovel":2,"minecraft:pufferfish":2,"minecraft:blue_orchid":3,"minecraft:spruce_planks":44,"minecraft:beef":24,"minecraft:rose_bush":4,"minecraft:poppy":28,"minecraft:iron_pickaxe":1,"minecraft:spruce_slab":14,"minecraft:sugar_cane":40,"minecraft:chest":1,"minecraft:birch_sapling":5,"minecraft:egg":5,"minecraft:furnace":6,"minecraft:stick":18,"minecraft:raw_iron":34,"minecraft:cherry_stairs":1,"minecraft:oak_fence":5,"minecraft:torch":3,"minecraft:acacia_log":7,"minecraft:spruce_stairs":39,"minecraft:spruce_fence":11,"minecraft:porkchop":11,"minecraft:cherry_log":80,"minecraft:pointed_dripstone":4,"minecraft:vine":11,"minecraft:arrow":4,"minecraft:stone_sword":2,"minecraft:stone_shovel":1,"minecraft:rotten_flesh":4,"minecraft:tropical_fish":10,"minecraft:peony":5,"minecraft:hay_block":23,"minecraft:mangrove_roots":2,"minecraft:cod":4,"minecraft:white_wool":8,"minecraft:cobblestone":118,"minecraft:oxeye_daisy":2,"minecraft:birch_log":214,"minecraft:pink_petals":875,"minecraft:feather":3,"minecraft:cooked_beef":13,"minecraft:cherry_planks":1,"minecraft:andesite":1,"minecraft:leather":13,"minecraft:oak_log":17,"minecraft:cherry_fence":1,"minecraft:gunpowder":2,"minecraft:stripped_birch_log":5,"minecraft:dirt":253,"minecraft:white_banner":1,"minecraft:cooked_mutton":1,"minecraft:birch_pressure_plate":3,"minecraft:glass":52,"minecraft:bone":5,"minecraft:apple":2,"minecraft:wheat_seeds":108,"minecraft:bell":2,"minecraft:iron_ingot":10,"minecraft:stone_pickaxe":3,"minecraft:acacia_sapling":2,"minecraft:stone_hoe":1,"minecraft:oak_planks":3,"minecraft:oak_slab":2,"minecraft:cooked_porkchop":2,"minecraft:sweet_berries":26,"minecraft:pumpkin":5,"minecraft:gravel":10,"minecraft:dandelion":9,"minecraft:birch_stairs":2,"minecraft:sand":69,"minecraft:stripped_spruce_log":32,"minecraft:spruce_sapling":19,"minecraft:ink_sac":2,"minecraft:grass_block":1,"minecraft:white_bed":3,"minecraft:spruce_log":335,"minecraft:barrel":4,"minecraft:spruce_door":9,"minecraft:mossy_cobblestone":16,"minecraft:mangrove_leaves":1,"minecraft:stone_axe":2,"minecraft:spruce_boat":8,"minecraft:painting":9,"minecraft:bone_meal":2,"minecraft:cherry_sapling":13,"minecraft:melon_seeds":1,"minecraft:oak_sapling":2,"minecraft:mangrove_propagule":2,"minecraft:oak_leaves":40,"minecraft:coal":124,"minecraft:ender_pearl":2},"minecraft:killed_by":{"minecraft:creeper":1}},"DataVersion":3700}